
-- Insert roles
INSERT INTO roles (name) VALUES ('ADMIN');
INSERT INTO roles (name) VALUES ('LANDLORD');
INSERT INTO roles (name) VALUES ('TENANT');

-- Insert users
INSERT INTO app_user (id, name, surname, email, phone_number, password, role, account_status, verification_status)
VALUES
  ('123e4567-e89b-12d3-a456-426614174315', 'John', 'Doe', 'admin@admin.com', '+1234567890', '$2a$10$peVWSM29zeq95fC5MpvYg.mnSPwUy.CyyxNZ452TcILGezbZraQKS', 'ADMIN', 'ACTIVE', 'VERIFIED'),
('123e4567-e89b-12d3-a456-426614174921', 'Jane', 'Smith', 'landlord@landlord.com', '+0987654321', '$2a$10$peVWSM29zeq95fC5MpvYg.mnSPwUy.CyyxNZ452TcILGezbZraQKS', 'LANDLORD', 'ACTIVE', 'VERIFIED'),
('123e4567-e89b-12d3-a456-426614178002', 'Mike', 'Johnson', 'tenant@tenant.com', '+1111111111', '$2a$10$peVWSM29zeq95fC5MpvYg.mnSPwUy.CyyxNZ452TcILGezbZraQKS', 'TENANT', 'ACTIVE', 'VERIFIED'),
('123e4567-e89b-12d3-a456-426614174005', 'Mike', 'Johnson', 'landlord2@landlord.com', '+1111111191', '$2a$10$peVWSM29zeq95fC5MpvYg.mnSPwUy.CyyxNZ452TcILGezbZraQKS', 'LANDLORD', 'ACTIVE', 'VERIFIED'),
('123e4567-e89b-12d3-a456-426614174009', 'Emily', 'Brown', 'landlord3@landlord.com', '+2222222222', '$2a$10$peVWSM29zeq95fC5MpvYg.mnSPwUy.CyyxNZ452TcILGezbZraQKS', 'LANDLORD', 'ACTIVE', 'VERIFIED'),
('123e4567-e89b-12d3-a456-426614174012', 'David', 'Wilson', 'landlord4@landlord.com', '+3333333333', '$2a$10$peVWSM29zeq95fC5MpvYg.mnSPwUy.CyyxNZ452TcILGezbZraQKS', 'LANDLORD', 'ACTIVE', 'VERIFIED'),
('123e4567-e89b-12d3-a456-426614174013', 'Sarah', 'Taylor', 'landlord5@landlord.com', '+4444444444', '$2a$10$peVWSM29zeq95fC5MpvYg.mnSPwUy.CyyxNZ452TcILGezbZraQKS', 'LANDLORD', 'ACTIVE', 'VERIFIED'),
('123e4567-e89b-12d3-a456-426614174014', 'Michael', 'Anderson', 'tenant1@tenant.com', '+5555555555', '$2a$10$peVWSM29zeq95fC5MpvYg.mnSPwUy.CyyxNZ452TcILGezbZraQKS', 'TENANT', 'ACTIVE', 'VERIFIED'),
('123e4567-e89b-12d3-a456-426614174015', 'Emma', 'Thomas', 'tenant2@tenant.com', '+6666666666', '$2a$10$peVWSM29zeq95fC5MpvYg.mnSPwUy.CyyxNZ452TcILGezbZraQKS', 'TENANT', 'ACTIVE', 'VERIFIED'),
('123e4567-e89b-12d3-a456-426614174016', 'Daniel', 'Jackson', 'tenant3@tenant.com', '+7777777777', '$2a$10$peVWSM29zeq95fC5MpvYg.mnSPwUy.CyyxNZ452TcILGezbZraQKS', 'TENANT', 'ACTIVE', 'VERIFIED'),
('123e4567-e89b-12d3-a456-426614174019', 'Olivia', 'White', 'tenant4@tenant.com', '+8888888888', '$2a$10$peVWSM29zeq95fC5MpvYg.mnSPwUy.CyyxNZ452TcILGezbZraQKS', 'TENANT', 'ACTIVE', 'VERIFIED');

-- Insert properties
INSERT INTO properties (id, title, address, price, square_meters, description, is_furnished, number_of_rooms, floor_number, available_from, ad_type, apartment_type, owner_id)
VALUES
    ('123e4567-e89b-12d3-a456-426614174100', 'Cozy Studio', '123 Main St', 800.00, 40, 'A cozy studio apartment in the heart of the city.', 'FURNISHED', 1, 3, '2023-07-01', 'RENTAL', 'ONE_KK', (SELECT id FROM app_user WHERE email = 'landlord@landlord.com')),
    ('123e4567-e89b-12d3-a456-426614174101', 'Spacious Loft', '456 Oak Ave', 1500.00, 120, 'A spacious loft with modern amenities.', 'SEMI_FURNISHED', 2, 5, '2023-08-01', 'RENTAL', 'TWO_KK', (SELECT id FROM app_user WHERE email = 'landlord@landlord.com')),
    ('123e4567-e89b-12d3-a456-426614174102', 'Luxury Penthouse', '789 Elm St', 5000.00, 250, 'A luxurious penthouse with stunning city views.', 'FURNISHED', 4, 10, '2023-09-01', 'SALE', 'FOUR_KK', (SELECT id FROM app_user WHERE email = 'landlord2@landlord.com')),
    ('123e4567-e89b-12d3-a456-426614174103', 'Charming Cottage', '321 Pine Rd', 1200.00, 80, 'A charming cottage in a quiet neighborhood.', 'UNFURNISHED', 2, 1, '2023-07-15', 'RENTAL', 'TWO_KK', (SELECT id FROM app_user WHERE email = 'landlord2@landlord.com')),
    ('123e4567-e89b-12d3-a456-426614174104', 'Modern Apartment', '654 Maple Ave', 1800.00, 100, 'A modern apartment with high-end finishes.', 'FURNISHED', 3, 6, '2023-08-15', 'RENTAL', 'THREE_KK', (SELECT id FROM app_user WHERE email = 'landlord3@landlord.com')),
    ('123e4567-e89b-12d3-a456-426614174105', 'Rustic Farmhouse', '987 Cedar Ln', 3000.00, 200, 'A rustic farmhouse with a large garden.', 'UNFURNISHED', 4, 0, '2023-09-15', 'SALE', 'FOUR_KK', (SELECT id FROM app_user WHERE email = 'landlord3@landlord.com')),
    ('123e4567-e89b-12d3-a456-426614174106', 'Bright Studio', '741 Walnut St', 900.00, 50, 'A bright studio with large windows.', 'SEMI_FURNISHED', 1, 2, '2023-07-01', 'RENTAL', 'ONE_KK', (SELECT id FROM app_user WHERE email = 'landlord4@landlord.com')),
    ('123e4567-e89b-12d3-a456-426614174107', 'Spacious Townhouse', '852 Birch Rd', 2500.00, 180, 'A spacious townhouse with multiple floors.', 'UNFURNISHED', 4, 0, '2023-08-01', 'SALE', 'FOUR_KK', (SELECT id FROM app_user WHERE email = 'landlord4@landlord.com')),
    ('123e4567-e89b-12d3-a456-426614174108', 'Cozy Apartment', '963 Oak St', 1100.00, 70, 'A cozy apartment with a balcony.', 'FURNISHED', 2, 4, '2023-09-01', 'RENTAL', 'TWO_KK', (SELECT id FROM app_user WHERE email = 'landlord5@landlord.com')),
    ('123e4567-e89b-12d3-a456-426614174109', 'Industrial Loft', '159 Elm Ave', 2000.00, 150, 'An industrial loft with exposed brick walls.', 'SEMI_FURNISHED', 3, 7, '2023-07-15', 'RENTAL', 'THREE_KK', (SELECT id FROM app_user WHERE email = 'landlord5@landlord.com')),
    ('123e4567-e89b-12d3-a456-426614174110', 'Elegant Condo', '753 Maple Rd', 3500.00, 200, 'An elegant condo with modern amenities.', 'FURNISHED', 3, 8, '2023-08-15', 'SALE', 'THREE_KK', (SELECT id FROM app_user WHERE email = 'landlord@landlord.com')),
    ('123e4567-e89b-12d3-a456-426614174111', 'Charming Bungalow', '951 Pine Ave', 1500.00, 100, 'A charming bungalow with a cozy interior.', 'UNFURNISHED', 2, 0, '2023-09-15', 'RENTAL', 'TWO_KK', (SELECT id FROM app_user WHERE email = 'landlord2@landlord.com')),
    ('123e4567-e89b-12d3-a456-426614174112', 'Modern Loft', '357 Cedar St', 2200.00, 160, 'A modern loft with an open floor plan.', 'SEMI_FURNISHED', 3, 9, '2023-07-01', 'RENTAL', 'THREE_KK', (SELECT id FROM app_user WHERE email = 'landlord3@landlord.com')),
    ('123e4567-e89b-12d3-a456-426614174113', 'Spacious Duplex', '246 Walnut Ave', 4000.00, 250, 'A spacious duplex with a private garden.', 'UNFURNISHED', 4, 0, '2023-08-01', 'SALE', 'FOUR_KK', (SELECT id FROM app_user WHERE email = 'landlord4@landlord.com')),
    ('123e4567-e89b-12d3-a456-426614174114', 'Cozy Cottage', '864 Birch Rd', 1300.00, 90, 'A cozy cottage with a fireplace.', 'FURNISHED', 2, 1, '2023-09-01', 'RENTAL', 'TWO_KK', (SELECT id FROM app_user WHERE email = 'landlord5@landlord.com')),
    ('123e4567-e89b-12d3-a456-426614174115', 'Luxury Apartment', '753 Oak St', 3000.00, 180, 'A luxury apartment with high-end amenities.', 'FURNISHED', 3, 11, '2023-07-15', 'RENTAL', 'THREE_KK', (SELECT id FROM app_user WHERE email = 'landlord@landlord.com')),
    ('123e4567-e89b-12d3-a456-426614174116', 'Rustic Cabin', '951 Elm Ave', 1800.00, 120, 'A rustic cabin in a secluded location.', 'UNFURNISHED', 2, 0, '2023-08-15', 'SALE', 'TWO_KK', (SELECT id FROM app_user WHERE email = 'landlord2@landlord.com')),
    ('123e4567-e89b-12d3-a456-426614174117', 'Bright Loft', '357 Maple Rd', 2500.00, 200, 'A bright loft with large windows.', 'SEMI_FURNISHED', 3, 6, '2023-09-15', 'RENTAL', 'THREE_KK', (SELECT id FROM app_user WHERE email = 'landlord3@landlord.com')),
    ('123e4567-e89b-12d3-a456-426614174118', 'Spacious House', '246 Pine Ave', 4500.00, 300, 'A spacious house with multiple bedrooms.', 'UNFURNISHED', 5, 0, '2023-07-01', 'SALE', 'FIVE_KK', (SELECT id FROM app_user WHERE email = 'landlord4@landlord.com')),
    ('123e4567-e89b-12d3-a456-426614174119', 'Cozy Flat', '864 Cedar St', 1000.00, 60, 'A cozy flat with a modern interior.', 'FURNISHED', 1, 3, '2023-08-01', 'RENTAL', 'ONE_KK', (SELECT id FROM app_user WHERE email = 'landlord5@landlord.com')),
    ('123e4567-e89b-12d3-a456-426614174120', 'Elegant Duplex', '753 Walnut St', 3800.00, 220, 'An elegant duplex with a spacious layout.', 'SEMI_FURNISHED', 4, 0, '2023-09-15', 'SALE', 'FOUR_KK', (SELECT id FROM app_user WHERE email = 'landlord@landlord.com')),
    ('123e4567-e89b-12d3-a456-426614174121', 'Modern Studio', '951 Birch Ave', 950.00, 45, 'A modern studio with efficient space utilization.', 'FURNISHED', 1, 5, '2023-07-01', 'RENTAL', 'ONE_KK', (SELECT id FROM app_user WHERE email = 'landlord2@landlord.com')),
    ('123e4567-e89b-12d3-a456-426614174122', 'Spacious Condo', '357 Oak Rd', 2800.00, 180, 'A spacious condo with a balcony and city views.', 'UNFURNISHED', 3, 7, '2023-08-01', 'SALE', 'THREE_KK', (SELECT id FROM app_user WHERE email = 'landlord3@landlord.com')),
    ('123e4567-e89b-12d3-a456-426614174123', 'Cozy Bungalow', '246 Elm Ave', 1400.00, 100, 'A cozy bungalow with a charming garden.', 'FURNISHED', 2, 0, '2023-09-01', 'RENTAL', 'TWO_KK', (SELECT id FROM app_user WHERE email = 'landlord4@landlord.com')),
    ('123e4567-e89b-12d3-a456-426614174124', 'Luxury Penthouse', '864 Maple St', 6000.00, 300, 'A luxury penthouse with panoramic views.', 'FURNISHED', 4, 12, '2023-07-15', 'SALE', 'FOUR_KK', (SELECT id FROM app_user WHERE email = 'landlord5@landlord.com')),
    ('123e4567-e89b-12d3-a456-426614174125', 'Industrial Loft', '753 Pine Ave', 2100.00, 140, 'An industrial loft with high ceilings and exposed beams.', 'SEMI_FURNISHED', 2, 4, '2023-08-15', 'RENTAL', 'TWO_KK', (SELECT id FROM app_user WHERE email = 'landlord@landlord.com')),
    ('123e4567-e89b-12d3-a456-426614174126', 'Bright Apartment', '951 Cedar Rd', 1600.00, 90, 'A bright apartment with large windows and natural light.', 'UNFURNISHED', 2, 3, '2023-09-15', 'RENTAL', 'TWO_KK', (SELECT id FROM app_user WHERE email = 'landlord2@landlord.com')),
    ('123e4567-e89b-12d3-a456-426614174127', 'Spacious Townhouse', '357 Walnut St', 3200.00, 200, 'A spacious townhouse with multiple levels and a garage.', 'UNFURNISHED', 4, 0, '2023-07-01', 'SALE', 'FOUR_KK', (SELECT id FROM app_user WHERE email = 'landlord3@landlord.com')),
    ('123e4567-e89b-12d3-a456-426614174128', 'Cozy Cottage', '246 Birch Ave', 1100.00, 70, 'A cozy cottage with a fireplace and rustic charm.', 'FURNISHED', 1, 1, '2023-08-01', 'RENTAL', 'ONE_KK', (SELECT id FROM app_user WHERE email = 'landlord4@landlord.com')),
    ('123e4567-e89b-12d3-a456-426614174129', 'Elegant Condo', '864 Oak St', 3500.00, 180, 'An elegant condo with modern finishes and amenities.', 'SEMI_FURNISHED', 3, 9, '2023-09-01', 'SALE', 'THREE_KK', (SELECT id FROM app_user WHERE email = 'landlord5@landlord.com')),
    ('123e4567-e89b-12d3-a456-426614174130', 'Modern Loft', '753 Elm Ave', 2300.00, 160, 'A modern loft with an open concept layout.', 'UNFURNISHED', 2, 6, '2023-07-15', 'RENTAL', 'TWO_KK', (SELECT id FROM app_user WHERE email = 'landlord@landlord.com')),
    ('123e4567-e89b-12d3-a456-426614174131', 'Spacious Duplex', '951 Maple Rd', 4200.00, 250, 'A spacious duplex with a private backyard.', 'UNFURNISHED', 4, 0, '2023-08-15', 'SALE', 'FOUR_KK', (SELECT id FROM app_user WHERE email = 'landlord2@landlord.com')),
    ('123e4567-e89b-12d3-a456-426614174132', 'Cozy Apartment', '357 Pine St', 1200.00, 80, 'A cozy apartment with a balcony and city views.', 'FURNISHED', 2, 4, '2023-09-15', 'RENTAL', 'TWO_KK', (SELECT id FROM app_user WHERE email = 'landlord3@landlord.com')),
    ('123e4567-e89b-12d3-a456-426614174133', 'Luxury Penthouse', '246 Cedar Ave', 5500.00, 280, 'A luxury penthouse with high-end finishes and appliances.', 'FURNISHED', 4, 11, '2023-07-01', 'SALE', 'FOUR_KK', (SELECT id FROM app_user WHERE email = 'landlord4@landlord.com')),
    ('123e4567-e89b-12d3-a456-426614174134', 'Industrial Studio', '864 Walnut St', 1000.00, 55, 'An industrial studio with exposed brick walls.', 'SEMI_FURNISHED', 1, 2, '2023-08-01', 'RENTAL', 'ONE_KK', (SELECT id FROM app_user WHERE email = 'landlord5@landlord.com')),
    ('123e4567-e89b-12d3-a456-426614174135', 'Bright Loft', '753 Birch Ave', 2600.00, 180, 'A bright loft with floor-to-ceiling windows.', 'UNFURNISHED', 3, 8, '2023-09-01', 'RENTAL', 'THREE_KK', (SELECT id FROM app_user WHERE email = 'landlord@landlord.com')),
    ('123e4567-e89b-12d3-a456-426614174136', 'Spacious House', '951 Oak Rd', 4800.00, 300, 'A spacious house with a large backyard and patio.', 'UNFURNISHED', 5, 0, '2023-07-15', 'SALE', 'FIVE_KK', (SELECT id FROM app_user WHERE email = 'landlord2@landlord.com')),
    ('123e4567-e89b-12d3-a456-426614174137', 'Cozy Bungalow', '357 Elm St', 1500.00, 100, 'A cozy bungalow with a charming front porch.', 'FURNISHED', 2, 1, '2023-08-15', 'RENTAL', 'TWO_KK', (SELECT id FROM app_user WHERE email = 'landlord3@landlord.com')),
    ('123e4567-e89b-12d3-a456-426614174138', 'Elegant Apartment', '246 Maple Ave', 2800.00, 150, 'An elegant apartment with a modern kitchen and bathroom.', 'SEMI_FURNISHED', 3, 5, '2023-09-15', 'RENTAL', 'THREE_KK', (SELECT id FROM app_user WHERE email = 'landlord4@landlord.com')),
    ('123e4567-e89b-12d3-a456-426614174139', 'Luxury Condo', '864 Pine St', 4000.00, 200, 'A luxury condo with a fitness center and pool.', 'FURNISHED', 3, 10, '2023-07-01', 'SALE', 'THREE_KK', (SELECT id FROM app_user WHERE email = 'landlord5@landlord.com')),
    ('123e4567-e89b-12d3-a456-426614174140', 'Modern Studio', '753 Cedar Ave', 900.00, 50, 'A modern studio with a murphy bed and built-in storage.', 'FURNISHED', 1, 3, '2023-08-01', 'RENTAL', 'ONE_KK', (SELECT id FROM app_user WHERE email = 'landlord@landlord.com')),
    ('123e4567-e89b-12d3-a456-426614174141', 'Spacious Townhouse', '951 Walnut Rd', 3500.00, 220, 'A spacious townhouse with a rooftop terrace.', 'UNFURNISHED', 4, 0, '2023-09-01', 'SALE', 'FOUR_KK', (SELECT id FROM app_user WHERE email = 'landlord2@landlord.com')),
    ('123e4567-e89b-12d3-a456-426614174142', 'Cozy Cottage', '357 Birch St', 1300.00, 90, 'A cozy cottage with a wood-burning stove.', 'FURNISHED', 2, 0, '2023-07-15', 'RENTAL', 'TWO_KK', (SELECT id FROM app_user WHERE email = 'landlord3@landlord.com')),
    ('123e4567-e89b-12d3-a456-426614174143', 'Industrial Loft', '246 Oak Ave', 2200.00, 140, 'An industrial loft with concrete floors and exposed ductwork.', 'SEMI_FURNISHED', 2, 7, '2023-08-15', 'RENTAL', 'TWO_KK', (SELECT id FROM app_user WHERE email = 'landlord4@landlord.com')),
    ('123e4567-e89b-12d3-a456-426614174144', 'Bright Apartment', '864 Elm St', 1800.00, 110, 'A bright apartment with a breakfast nook and pantry.', 'UNFURNISHED', 2, 4, '2023-09-15', 'RENTAL', 'TWO_KK', (SELECT id FROM app_user WHERE email = 'landlord5@landlord.com')),
    ('123e4567-e89b-12d3-a456-426614174145', 'Spacious Duplex', '753 Maple Ave', 4500.00, 280, 'A spacious duplex with a home office and gym.', 'UNFURNISHED', 4, 0, '2023-07-01', 'SALE', 'FOUR_KK', (SELECT id FROM app_user WHERE email = 'landlord@landlord.com')),
    ('123e4567-e89b-12d3-a456-426614174146', 'Cozy Studio', '951 Pine Rd', 850.00, 40, 'A cozy studio with a loft bed and storage stairs.', 'FURNISHED', 1, 6, '2023-08-01', 'RENTAL', 'ONE_KK', (SELECT id FROM app_user WHERE email = 'landlord2@landlord.com')),
    ('123e4567-e89b-12d3-a456-426614174147', 'Elegant Condo', '357 Cedar St', 3200.00, 180, 'An elegant condo with a formal dining room and den.', 'SEMI_FURNISHED', 3, 8, '2023-09-01', 'SALE', 'THREE_KK', (SELECT id FROM app_user WHERE email = 'landlord3@landlord.com')),
    ('123e4567-e89b-12d3-a456-426614174148', 'Modern Loft', '246 Walnut Ave', 2500.00, 160, 'A modern loft with a floating staircase and skylights.', 'UNFURNISHED', 2, 9, '2023-07-15', 'RENTAL', 'TWO_KK', (SELECT id FROM app_user WHERE email = 'landlord4@landlord.com')),
    ('123e4567-e89b-12d3-a456-426614174149', 'Luxury Penthouse', '864 Birch St', 6500.00, 320, 'A luxury penthouse with a private elevator and terrace.', 'FURNISHED', 4, 13, '2023-08-15', 'SALE', 'FOUR_KK', (SELECT id FROM app_user WHERE email = 'landlord5@landlord.com')),
    ('123e4567-e89b-12d3-a456-426614174150', 'Spacious Apartment', '123 Oak St', 1500.00, 100, 'A spacious apartment with a balcony and city views.', 'UNFURNISHED', 3, 5, '2023-09-15', 'RENTAL', 'THREE_KK', (SELECT id FROM app_user WHERE email = 'landlord@landlord.com')),
    ('123e4567-e89b-12d3-a456-426614174151', 'Cozy Studio', '456 Elm Ave', 800.00, 45, 'A cozy studio with a kitchenette and built-in storage.', 'FURNISHED', 1, 2, '2023-07-01', 'RENTAL', 'ONE_KK', (SELECT id FROM app_user WHERE email = 'landlord2@landlord.com')),
    ('123e4567-e89b-12d3-a456-426614174152', 'Luxury Condo', '789 Maple Rd', 3800.00, 200, 'A luxury condo with high-end finishes and amenities.', 'SEMI_FURNISHED', 3, 9, '2023-08-01', 'SALE', 'THREE_KK', (SELECT id FROM app_user WHERE email = 'landlord3@landlord.com')),
    ('123e4567-e89b-12d3-a456-426614174153', 'Modern Loft', '321 Pine St', 2200.00, 140, 'A modern loft with an open floor plan and industrial touches.', 'UNFURNISHED', 2, 7, '2023-09-01', 'RENTAL', 'TWO_KK', (SELECT id FROM app_user WHERE email = 'landlord4@landlord.com')),
    ('123e4567-e89b-12d3-a456-426614174154', 'Bright Apartment', '654 Cedar Ave', 1800.00, 110, 'A bright apartment with large windows and natural light.', 'FURNISHED', 2, 4, '2023-07-15', 'RENTAL', 'TWO_KK', (SELECT id FROM app_user WHERE email = 'landlord5@landlord.com')),
    ('123e4567-e89b-12d3-a456-426614174155', 'Spacious Townhouse', '987 Walnut Rd', 3500.00, 220, 'A spacious townhouse with multiple levels and a garage.', 'UNFURNISHED', 4, 0, '2023-08-15', 'SALE', 'FOUR_KK', (SELECT id FROM app_user WHERE email = 'landlord@landlord.com')),
    ('123e4567-e89b-12d3-a456-426614174156', 'Cozy Cottage', '741 Birch St', 1300.00, 90, 'A cozy cottage with a fireplace and charming details.', 'FURNISHED', 2, 1, '2023-09-15', 'RENTAL', 'TWO_KK', (SELECT id FROM app_user WHERE email = 'landlord2@landlord.com')),
    ('123e4567-e89b-12d3-a456-426614174157', 'Elegant Duplex', '852 Oak Ave', 4200.00, 250, 'An elegant duplex with a private backyard and patio.', 'SEMI_FURNISHED', 4, 0, '2023-07-01', 'SALE', 'FOUR_KK', (SELECT id FROM app_user WHERE email = 'landlord3@landlord.com')),
    ('123e4567-e89b-12d3-a456-426614174158', 'Industrial Studio', '963 Elm Rd', 1000.00, 55, 'An industrial studio with exposed brick walls and concrete floors.', 'UNFURNISHED', 1, 3, '2023-08-01', 'RENTAL', 'ONE_KK', (SELECT id FROM app_user WHERE email = 'landlord4@landlord.com')),
    ('123e4567-e89b-12d3-a456-426614174159', 'Luxury Penthouse', '159 Maple St', 6000.00, 300, 'A luxury penthouse with panoramic views and high-end amenities.', 'FURNISHED', 4, 12, '2023-09-01', 'SALE', 'FOUR_KK', (SELECT id FROM app_user WHERE email = 'landlord5@landlord.com')),
    ('123e4567-e89b-12d3-a456-426614174160', 'Spacious Condo', '753 Pine Ave', 2800.00, 180, 'A spacious condo with a modern kitchen and bathroom.', 'UNFURNISHED', 3, 6, '2023-07-15', 'SALE', 'THREE_KK', (SELECT id FROM app_user WHERE email = 'landlord@landlord.com')),
    ('123e4567-e89b-12d3-a456-426614174161', 'Cozy Bungalow', '951 Cedar Rd', 1500.00, 100, 'A cozy bungalow with a front porch and backyard.', 'FURNISHED', 2, 0, '2023-08-15', 'RENTAL', 'TWO_KK', (SELECT id FROM app_user WHERE email = 'landlord2@landlord.com')),
    ('123e4567-e89b-12d3-a456-426614174162', 'Modern Apartment', '357 Walnut St', 2200.00, 130, 'A modern apartment with a balcony and city views.', 'SEMI_FURNISHED', 2, 8, '2023-09-15', 'RENTAL', 'TWO_KK', (SELECT id FROM app_user WHERE email = 'landlord3@landlord.com')),
    ('123e4567-e89b-12d3-a456-426614174163', 'Bright Loft', '246 Birch Ave', 2600.00, 160, 'A bright loft with floor-to-ceiling windows and an open layout.', 'UNFURNISHED', 3, 5, '2023-07-01', 'RENTAL', 'THREE_KK', (SELECT id FROM app_user WHERE email = 'landlord4@landlord.com')),
    ('123e4567-e89b-12d3-a456-426614174164', 'Elegant Townhouse', '864 Oak Rd', 4500.00, 280, 'An elegant townhouse with a rooftop terrace and garage.', 'UNFURNISHED', 4, 0, '2023-08-01', 'SALE', 'FOUR_KK', (SELECT id FROM app_user WHERE email = 'landlord5@landlord.com')),
    ('123e4567-e89b-12d3-a456-426614174165', 'Industrial Loft', '753 Elm St', 2100.00, 120, 'An industrial loft with high ceilings and exposed ductwork.', 'SEMI_FURNISHED', 2, 4, '2023-09-01', 'RENTAL', 'TWO_KK', (SELECT id FROM app_user WHERE email = 'landlord@landlord.com')),
    ('123e4567-e89b-12d3-a456-426614174166', 'Spacious Duplex', '951 Maple Ave', 3800.00, 240, 'A spacious duplex with a private garden and patio.', 'UNFURNISHED', 4, 0, '2023-07-15', 'SALE', 'FOUR_KK', (SELECT id FROM app_user WHERE email = 'landlord2@landlord.com')),
    ('123e4567-e89b-12d3-a456-426614174167', 'Cozy Apartment', '357 Pine Rd', 1200.00, 80, 'A cozy apartment with a breakfast nook and pantry.', 'FURNISHED', 2, 3, '2023-08-15', 'RENTAL', 'TWO_KK', (SELECT id FROM app_user WHERE email = 'landlord3@landlord.com')),
    ('123e4567-e89b-12d3-a456-426614174168', 'Luxury Condo', '246 Cedar St', 4000.00, 220, 'A luxury condo with a fitness center and pool.', 'SEMI_FURNISHED', 3, 10, '2023-09-15', 'SALE', 'THREE_KK', (SELECT id FROM app_user WHERE email = 'landlord4@landlord.com')),
    ('123e4567-e89b-12d3-a456-426614174169', 'Modern Studio', '864 Walnut Ave', 900.00, 50, 'A modern studio with a murphy bed and built-in storage.', 'FURNISHED', 1, 2, '2023-07-01', 'RENTAL', 'ONE_KK', (SELECT id FROM app_user WHERE email = 'landlord5@landlord.com')),
    ('123e4567-e89b-12d3-a456-426614174170', 'Bright Apartment', '753 Birch Rd', 1800.00, 110, 'A bright apartment with large windows and a balcony.', 'UNFURNISHED', 2, 6, '2023-08-01', 'RENTAL', 'TWO_KK', (SELECT id FROM app_user WHERE email = 'landlord@landlord.com')),
    ('123e4567-e89b-12d3-a456-426614174171', 'Spacious House', '951 Oak St', 4800.00, 300, 'A spacious house with multiple bedrooms and a large backyard.', 'UNFURNISHED', 5, 0, '2023-09-01', 'SALE', 'FIVE_KK', (SELECT id FROM app_user WHERE email = 'landlord2@landlord.com')),
    ('123e4567-e89b-12d3-a456-426614174172', 'Cozy Bungalow', '357 Elm Ave', 1500.00, 100, 'A cozy bungalow with a charming front porch and fireplace.', 'FURNISHED', 2, 1, '2023-07-15', 'RENTAL', 'TWO_KK', (SELECT id FROM app_user WHERE email = 'landlord3@landlord.com')),
    ('123e4567-e89b-12d3-a456-426614174173', 'Elegant Apartment', '246 Maple Rd', 2800.00, 150, 'An elegant apartment with a modern kitchen and bathroom.', 'SEMI_FURNISHED', 3, 7, '2023-08-15', 'RENTAL', 'THREE_KK', (SELECT id FROM app_user WHERE email = 'landlord4@landlord.com')),
    ('123e4567-e89b-12d3-a456-426614174174', 'Luxury Penthouse', '864 Pine St', 6500.00, 320, 'A luxury penthouse with a private elevator and terrace.', 'FURNISHED', 4, 14, '2023-09-15', 'SALE', 'FOUR_KK', (SELECT id FROM app_user WHERE email = 'landlord5@landlord.com')),
    ('123e4567-e89b-12d3-a456-426614174175', 'Modern Loft', '753 Cedar Ave', 2500.00, 160, 'A modern loft with an open concept layout and skylights.', 'UNFURNISHED', 3, 5, '2023-07-01', 'RENTAL', 'THREE_KK', (SELECT id FROM app_user WHERE email = 'landlord@landlord.com')),
    ('123e4567-e89b-12d3-a456-426614174176', 'Spacious Townhouse', '951 Walnut Rd', 3500.00, 220, 'A spacious townhouse with a rooftop terrace and garage.', 'UNFURNISHED', 4, 0, '2023-08-01', 'SALE', 'FOUR_KK', (SELECT id FROM app_user WHERE email = 'landlord2@landlord.com')),
    ('123e4567-e89b-12d3-a456-426614174177', 'Cozy Cottage', '357 Birch St', 1300.00, 90, 'A cozy cottage with a wood-burning stove and charming details.', 'FURNISHED', 2, 0, '2023-09-01', 'RENTAL', 'TWO_KK', (SELECT id FROM app_user WHERE email = 'landlord3@landlord.com')),
    ('123e4567-e89b-12d3-a456-426614174178', 'Industrial Studio', '246 Oak Ave', 1000.00, 55, 'An industrial studio with exposed brick walls and concrete floors.', 'SEMI_FURNISHED', 1, 4, '2023-07-15', 'RENTAL', 'ONE_KK', (SELECT id FROM app_user WHERE email = 'landlord4@landlord.com')),
    ('123e4567-e89b-12d3-a456-426614174179', 'Bright Apartment', '864 Elm Rd', 1800.00, 110, 'A bright apartment with a breakfast nook and pantry.', 'UNFURNISHED', 2, 3, '2023-08-15', 'RENTAL', 'TWO_KK', (SELECT id FROM app_user WHERE email = 'landlord5@landlord.com')),
    ('123e4567-e89b-12d3-a456-426614174180', 'Spacious Duplex', '753 Maple St', 4500.00, 280, 'A spacious duplex with a home office and gym.', 'UNFURNISHED', 4, 0, '2023-09-15', 'SALE', 'FOUR_KK', (SELECT id FROM app_user WHERE email = 'landlord@landlord.com')),
    ('123e4567-e89b-12d3-a456-426614174181', 'Cozy Studio', '951 Pine Ave', 850.00, 40, 'A cozy studio with a loft bed and storage stairs.', 'FURNISHED', 1, 5, '2023-07-01', 'RENTAL', 'ONE_KK', (SELECT id FROM app_user WHERE email = 'landlord2@landlord.com')),
    ('123e4567-e89b-12d3-a456-426614174182', 'Elegant Condo', '357 Cedar Rd', 3200.00, 180, 'An elegant condo with a formal dining room and den.', 'SEMI_FURNISHED', 3, 9, '2023-08-01', 'SALE', 'THREE_KK', (SELECT id FROM app_user WHERE email = 'landlord3@landlord.com'));

-- Insert images
INSERT INTO images (id, property_id, file_name)
VALUES
    ('d1262906-b628-4639-b965-c1d8524079e2', '123e4567-e89b-12d3-a456-426614174100', '383f5705-7fe9-4c60-8033-64ca5aacbbe1_houses_and_land-5bfc3326c9e77c0051812eb3.jpg'),
    ('f3b32b44-8ea6-4b45-be61-747e8bc321db', '123e4567-e89b-12d3-a456-426614174100', '5566a85b-4fae-4e3c-bf4d-9099bedb4b96_images.jpeg'),
    ('42dee11c-83d5-4d98-a932-9aaa05c1a9d0', '123e4567-e89b-12d3-a456-426614174100', '03b6657e-64fc-4489-b4ed-0cd8f8102009_pexels-binyaminmellish-186077.jpg');

-- Insert document
INSERT INTO document (id, user_id, document_type, file_name)
VALUES ('1f1ce31c-83ab-463b-80c9-125509b95028', '123e4567-e89b-12d3-a456-426614174002', 'ID_CARD', '0802cbdb-a437-4c81-a950-1cc4e6f07a3f_password.pdf');

