
-- Insert roles
INSERT INTO roles (name) VALUES ('ADMIN');
INSERT INTO roles (name) VALUES ('LANDLORD');
INSERT INTO roles (name) VALUES ('TENANT');
-- Insert properties
INSERT INTO properties (id, title, address, price, square_meters, description, is_furnished, number_of_rooms, floor_number, available_from, ad_type, apartment_type, owner_id, created_at)
VALUES
    ('123e4567-e89b-12d3-a456-426614174100', 'Cozy Studio', '123 Main St', 800.00, 40, 'A cozy studio apartment in the heart of the city.', 'FURNISHED', 1, 3, '2023-07-01', 'RENTAL', 'ONE_KK', (SELECT id FROM app_user WHERE email = 'landlord@landlord.com'), CURRENT_DATE + INTERVAL '1 day' * FLOOR(random() * 7)),
    ('123e4567-e89b-12d3-a456-426614174101', 'Spacious Loft', '456 Oak Ave', 1500.00, 120, 'A spacious loft with modern amenities.', 'SEMI_FURNISHED', 2, 5, '2023-08-01', 'RENTAL', 'TWO_KK', (SELECT id FROM app_user WHERE email = 'landlord@landlord.com'), CURRENT_DATE + INTERVAL '1 day' * FLOOR(random() * 7)),
    ('123e4567-e89b-12d3-a456-426614174102', 'Luxury Penthouse', '789 Elm St', 5000.00, 250, 'A luxurious penthouse with stunning city views.', 'FURNISHED', 4, 10, '2023-09-01', 'SALE', 'FOUR_KK', (SELECT id FROM app_user WHERE email = 'landlord2@landlord.com'), CURRENT_DATE + INTERVAL '1 day' * FLOOR(random() * 7)),
    ('123e4567-e89b-12d3-a456-426614174103', 'Charming Cottage', '321 Pine Rd', 1200.00, 80, 'A charming cottage in a quiet neighborhood.', 'UNFURNISHED', 2, 1, '2023-07-15', 'RENTAL', 'TWO_KK', (SELECT id FROM app_user WHERE email = 'landlord2@landlord.com'), CURRENT_DATE + INTERVAL '1 day' * FLOOR(random() * 7)),
    ('123e4567-e89b-12d3-a456-426614174104', 'Modern Apartment', '654 Maple Ave', 1800.00, 100, 'A modern apartment with high-end finishes.', 'FURNISHED', 3, 6, '2023-08-15', 'RENTAL', 'THREE_KK', (SELECT id FROM app_user WHERE email = 'landlord3@landlord.com'), CURRENT_DATE + INTERVAL '1 day' * FLOOR(random() * 7)),
    ('123e4567-e89b-12d3-a456-426614174105', 'Rustic Farmhouse', '987 Cedar Ln', 3000.00, 200, 'A rustic farmhouse with a large garden.', 'UNFURNISHED', 4, 0, '2023-09-15', 'SALE', 'FOUR_KK', (SELECT id FROM app_user WHERE email = 'landlord3@landlord.com'), CURRENT_DATE + INTERVAL '1 day' * FLOOR(random() * 7)),
    ('123e4567-e89b-12d3-a456-426614174106', 'Bright Studio', '741 Walnut St', 900.00, 50, 'A bright studio with large windows.', 'SEMI_FURNISHED', 1, 2, '2023-07-01', 'RENTAL', 'ONE_KK', (SELECT id FROM app_user WHERE email = 'landlord4@landlord.com'), CURRENT_DATE + INTERVAL '1 day' * FLOOR(random() * 7)),
    ('123e4567-e89b-12d3-a456-426614174107', 'Spacious Townhouse', '852 Birch Rd', 2500.00, 180, 'A spacious townhouse with multiple floors.', 'UNFURNISHED', 4, 0, '2023-08-01', 'SALE', 'FOUR_KK', (SELECT id FROM app_user WHERE email = 'landlord4@landlord.com'), CURRENT_DATE + INTERVAL '1 day' * FLOOR(random() * 7)),
    ('123e4567-e89b-12d3-a456-426614174108', 'Cozy Apartment', '963 Oak St', 1100.00, 70, 'A cozy apartment with a balcony.', 'FURNISHED', 2, 4, '2023-09-01', 'RENTAL', 'TWO_KK', (SELECT id FROM app_user WHERE email = 'landlord5@landlord.com'), CURRENT_DATE + INTERVAL '1 day' * FLOOR(random() * 7)),
    ('123e4567-e89b-12d3-a456-426614174109', 'Industrial Loft', '159 Elm Ave', 2000.00, 150, 'An industrial loft with exposed brick walls.', 'SEMI_FURNISHED', 3, 7, '2023-07-15', 'RENTAL', 'THREE_KK', (SELECT id FROM app_user WHERE email = 'landlord5@landlord.com'), CURRENT_DATE + INTERVAL '1 day' * FLOOR(random() * 7)),
    ('123e4567-e89b-12d3-a456-426614174110', 'Elegant Condo', '753 Maple Rd', 3500.00, 200, 'An elegant condo with modern amenities.', 'FURNISHED', 3, 8, '2023-08-15', 'SALE', 'THREE_KK', (SELECT id FROM app_user WHERE email = 'landlord@landlord.com'), CURRENT_DATE + INTERVAL '1 day' * FLOOR(random() * 7)),
    ('123e4567-e89b-12d3-a456-426614174111', 'Charming Bungalow', '951 Pine Ave', 1500.00, 100, 'A charming bungalow with a cozy interior.', 'UNFURNISHED', 2, 0, '2023-09-15', 'RENTAL', 'TWO_KK', (SELECT id FROM app_user WHERE email = 'landlord2@landlord.com'), CURRENT_DATE + INTERVAL '1 day' * FLOOR(random() * 7)),
    ('123e4567-e89b-12d3-a456-426614174112', 'Modern Loft', '357 Cedar St', 2200.00, 160, 'A modern loft with an open floor plan.', 'SEMI_FURNISHED', 3, 9, '2023-07-01', 'RENTAL', 'THREE_KK', (SELECT id FROM app_user WHERE email = 'landlord3@landlord.com'), CURRENT_DATE + INTERVAL '1 day' * FLOOR(random() * 7)),
    ('123e4567-e89b-12d3-a456-426614174113', 'Spacious Duplex', '246 Walnut Ave', 4000.00, 250, 'A spacious duplex with a private garden.', 'UNFURNISHED', 4, 0, '2023-08-01', 'SALE', 'FOUR_KK', (SELECT id FROM app_user WHERE email = 'landlord4@landlord.com'), CURRENT_DATE + INTERVAL '1 day' * FLOOR(random() * 7)),
    ('123e4567-e89b-12d3-a456-426614174114', 'Cozy Cottage', '864 Birch Rd', 1300.00, 90, 'A cozy cottage with a fireplace.', 'FURNISHED', 2, 1, '2023-09-01', 'RENTAL', 'TWO_KK', (SELECT id FROM app_user WHERE email = 'landlord5@landlord.com'), CURRENT_DATE + INTERVAL '1 day' * FLOOR(random() * 7)),
    ('123e4567-e89b-12d3-a456-426614174116', 'Rustic Cabin', '951 Elm Ave', 1800.00, 120, 'A rustic cabin in a secluded location.', 'UNFURNISHED', 2, 0, '2023-08-15', 'SALE', 'TWO_KK', (SELECT id FROM app_user WHERE email = 'landlord2@landlord.com'), CURRENT_DATE + INTERVAL '1 day' * FLOOR(random() * 7)),
    ('123e4567-e89b-12d3-a456-426614174117', 'Bright Loft', '357 Maple Rd', 2500.00, 200, 'A bright loft with large windows.', 'SEMI_FURNISHED', 3, 6, '2023-09-15', 'RENTAL', 'THREE_KK', (SELECT id FROM app_user WHERE email = 'landlord3@landlord.com'), CURRENT_DATE + INTERVAL '1 day' * FLOOR(random() * 7)),
    ('123e4567-e89b-12d3-a456-426614174118', 'Spacious House', '246 Pine Ave', 4500.00, 300, 'A spacious house with multiple bedrooms.', 'UNFURNISHED', 5, 0, '2023-07-01', 'SALE', 'FIVE_KK', (SELECT id FROM app_user WHERE email = 'landlord4@landlord.com'), CURRENT_DATE + INTERVAL '1 day' * FLOOR(random() * 7)),
    ('123e4567-e89b-12d3-a456-426614174119', 'Cozy Flat', '864 Cedar St', 1000.00, 60, 'A cozy flat with a modern interior.', 'FURNISHED', 1, 3, '2023-08-01', 'RENTAL', 'ONE_KK', (SELECT id FROM app_user WHERE email = 'landlord5@landlord.com'), CURRENT_DATE + INTERVAL '1 day' * FLOOR(random() * 7)),
    ('123e4567-e89b-12d3-a456-426614174120', 'Elegant Duplex', '753 Walnut St', 3800.00, 220, 'An elegant duplex with a spacious layout.', 'SEMI_FURNISHED', 4, 0, '2023-09-15', 'SALE', 'FOUR_KK', (SELECT id FROM app_user WHERE email = 'landlord@landlord.com'), CURRENT_DATE + INTERVAL '1 day' * FLOOR(random() * 7)),
    ('123e4567-e89b-12d3-a456-426614174121', 'Modern Studio', '951 Birch Ave', 950.00, 45, 'A modern studio with efficient space utilization.', 'FURNISHED', 1, 5, '2023-07-01', 'RENTAL', 'ONE_KK', (SELECT id FROM app_user WHERE email = 'landlord2@landlord.com'), CURRENT_DATE + INTERVAL '1 day' * FLOOR(random() * 7)),
    ('123e4567-e89b-12d3-a456-426614174122', 'Spacious Condo', '357 Oak Rd', 2800.00, 180, 'A spacious condo with a balcony and city views.', 'UNFURNISHED', 3, 7, '2023-08-01', 'SALE', 'THREE_KK', (SELECT id FROM app_user WHERE email = 'landlord3@landlord.com'), CURRENT_DATE + INTERVAL '1 day' * FLOOR(random() * 7)),
    ('123e4567-e89b-12d3-a456-426614174123', 'Cozy Bungalow', '246 Elm Ave', 1400.00, 100, 'A cozy bungalow with a charming garden.', 'FURNISHED', 2, 0, '2023-09-01', 'RENTAL', 'TWO_KK', (SELECT id FROM app_user WHERE email = 'landlord4@landlord.com'), CURRENT_DATE + INTERVAL '1 day' * FLOOR(random() * 7)),
    ('123e4567-e89b-12d3-a456-426614174124', 'Luxury Penthouse', '864 Maple St', 6000.00, 300, 'A luxury penthouse with panoramic views.', 'FURNISHED', 4, 12, '2023-07-15', 'SALE', 'FOUR_KK', (SELECT id FROM app_user WHERE email = 'landlord5@landlord.com'), CURRENT_DATE + INTERVAL '1 day' * FLOOR(random() * 7)),
    ('123e4567-e89b-12d3-a456-426614174125', 'Industrial Loft', '753 Pine Ave', 2100.00, 140, 'An industrial loft with high ceilings and exposed beams.', 'SEMI_FURNISHED', 2, 4, '2023-08-15', 'RENTAL', 'TWO_KK', (SELECT id FROM app_user WHERE email = 'landlord@landlord.com'), CURRENT_DATE + INTERVAL '1 day' * FLOOR(random() * 7)),
    ('123e4567-e89b-12d3-a456-426614174126', 'Bright Apartment', '951 Cedar Rd', 1600.00, 90, 'A bright apartment with large windows and natural light.', 'UNFURNISHED', 2, 3, '2023-09-15', 'RENTAL', 'TWO_KK', (SELECT id FROM app_user WHERE email = 'landlord2@landlord.com'), CURRENT_DATE + INTERVAL '1 day' * FLOOR(random() * 7)),
    ('123e4567-e89b-12d3-a456-426614174127', 'Spacious Townhouse', '357 Walnut St', 3200.00, 200, 'A spacious townhouse with multiple levels and a garage.', 'UNFURNISHED', 4, 0, '2023-07-01', 'SALE', 'FOUR_KK', (SELECT id FROM app_user WHERE email = 'landlord3@landlord.com'), CURRENT_DATE + INTERVAL '1 day' * FLOOR(random() * 7)),
    ('123e4567-e89b-12d3-a456-426614174128', 'Cozy Cottage', '246 Birch Ave', 1100.00, 70, 'A cozy cottage with a fireplace and rustic charm.', 'FURNISHED', 1, 1, '2023-08-01', 'RENTAL', 'ONE_KK', (SELECT id FROM app_user WHERE email = 'landlord4@landlord.com'), CURRENT_DATE + INTERVAL '1 day' * FLOOR(random() * 7)),
    ('123e4567-e89b-12d3-a456-426614174129', 'Elegant Condo', '864 Oak St', 3500.00, 180, 'An elegant condo with modern finishes and amenities.', 'SEMI_FURNISHED', 3, 9, '2023-09-01', 'SALE', 'THREE_KK', (SELECT id FROM app_user WHERE email = 'landlord5@landlord.com'), CURRENT_DATE + INTERVAL '1 day' * FLOOR(random() * 7)),
    ('123e4567-e89b-12d3-a456-426614174130', 'Modern Loft', '753 Elm Ave', 2300.00, 160, 'A modern loft with an open concept layout.', 'UNFURNISHED', 2, 6, '2023-07-15', 'RENTAL', 'TWO_KK', (SELECT id FROM app_user WHERE email = 'landlord@landlord.com'), CURRENT_DATE + INTERVAL '1 day' * FLOOR(random() * 7)),
    ('123e4567-e89b-12d3-a456-426614174131', 'Spacious Duplex', '951 Maple Rd', 4200.00, 250, 'A spacious duplex with a private backyard.', 'UNFURNISHED', 4, 0, '2023-08-15', 'SALE', 'FOUR_KK', (SELECT id FROM app_user WHERE email = 'landlord2@landlord.com'), CURRENT_DATE + INTERVAL '1 day' * FLOOR(random() * 7)),
    ('123e4567-e89b-12d3-a456-426614174132', 'Cozy Apartment', '357 Pine St', 1200.00, 80, 'A cozy apartment with a balcony and city views.', 'FURNISHED', 2, 4, '2023-09-15', 'RENTAL', 'TWO_KK', (SELECT id FROM app_user WHERE email = 'landlord3@landlord.com'), CURRENT_DATE + INTERVAL '1 day' * FLOOR(random() * 7)),
    ('123e4567-e89b-12d3-a456-426614174133', 'Luxury Penthouse', '246 Cedar Ave', 5500.00, 280, 'A luxury penthouse with high-end finishes and appliances.', 'FURNISHED', 4, 11, '2023-07-01', 'SALE', 'FOUR_KK', (SELECT id FROM app_user WHERE email = 'landlord4@landlord.com'), CURRENT_DATE + INTERVAL '1 day' * FLOOR(random() * 7)),
    ('123e4567-e89b-12d3-a456-426614174134', 'Industrial Studio', '864 Walnut St', 1000.00, 55, 'An industrial studio with exposed brick walls.', 'SEMI_FURNISHED', 1, 2, '2023-08-01', 'RENTAL', 'ONE_KK', (SELECT id FROM app_user WHERE email = 'landlord5@landlord.com'), CURRENT_DATE + INTERVAL '1 day' * FLOOR(random() * 7)),
    ('123e4567-e89b-12d3-a456-426614174135', 'Bright Loft', '753 Birch Ave', 2600.00, 180, 'A bright loft with floor-to-ceiling windows.', 'UNFURNISHED', 3, 8, '2023-09-01', 'RENTAL', 'THREE_KK', (SELECT id FROM app_user WHERE email = 'landlord@landlord.com'), CURRENT_DATE + INTERVAL '1 day' * FLOOR(random() * 7)),
    ('123e4567-e89b-12d3-a456-426614174136', 'Spacious House', '951 Oak Rd', 4800.00, 300, 'A spacious house with a large backyard and patio.', 'UNFURNISHED', 5, 0, '2023-07-15', 'SALE', 'FIVE_KK', (SELECT id FROM app_user WHERE email = 'landlord2@landlord.com'), CURRENT_DATE + INTERVAL '1 day' * FLOOR(random() * 7)),
    ('123e4567-e89b-12d3-a456-426614174137', 'Cozy Bungalow', '357 Elm St', 1500.00, 100, 'A cozy bungalow with a charming front porch.', 'FURNISHED', 2, 1, '2023-08-15', 'RENTAL', 'TWO_KK', (SELECT id FROM app_user WHERE email = 'landlord3@landlord.com'), CURRENT_DATE + INTERVAL '1 day' * FLOOR(random() * 7)),
    ('123e4567-e89b-12d3-a456-426614174138', 'Elegant Apartment', '246 Maple Ave', 2800.00, 150, 'An elegant apartment with a modern kitchen and bathroom.', 'SEMI_FURNISHED', 3, 5, '2023-09-15', 'RENTAL', 'THREE_KK', (SELECT id FROM app_user WHERE email = 'landlord4@landlord.com'), CURRENT_DATE + INTERVAL '1 day' * FLOOR(random() * 7)),
    ('123e4567-e89b-12d3-a456-426614174139', 'Luxury Condo', '864 Pine St', 4000.00, 200, 'A luxury condo with a fitness center and pool.', 'FURNISHED', 3, 10, '2023-07-01', 'SALE', 'THREE_KK', (SELECT id FROM app_user WHERE email = 'landlord5@landlord.com'), CURRENT_DATE + INTERVAL '1 day' * FLOOR(random() * 7)),
    ('123e4567-e89b-12d3-a456-426614174140', 'Modern Studio', '753 Cedar Ave', 900.00, 50, 'A modern studio with a murphy bed and built-in storage.', 'FURNISHED', 1, 3, '2023-08-01', 'RENTAL', 'ONE_KK', (SELECT id FROM app_user WHERE email = 'landlord@landlord.com'), CURRENT_DATE + INTERVAL '1 day' * FLOOR(random() * 7)),
    ('123e4567-e89b-12d3-a456-426614174141', 'Spacious Townhouse', '951 Walnut Rd', 3500.00, 220, 'A spacious townhouse with a rooftop terrace.', 'UNFURNISHED', 4, 0, '2023-09-01', 'SALE', 'FOUR_KK', (SELECT id FROM app_user WHERE email = 'landlord2@landlord.com'), CURRENT_DATE + INTERVAL '1 day' * FLOOR(random() * 7)),
    ('123e4567-e89b-12d3-a456-426614174142', 'Cozy Cottage', '357 Birch St', 1300.00, 90, 'A cozy cottage with a wood-burning stove.', 'FURNISHED', 2, 0, '2023-07-15', 'RENTAL', 'TWO_KK', (SELECT id FROM app_user WHERE email = 'landlord3@landlord.com'), CURRENT_DATE + INTERVAL '1 day' * FLOOR(random() * 7)),
    ('123e4567-e89b-12d3-a456-426614174143', 'Industrial Loft', '246 Oak Ave', 2200.00, 140, 'An industrial loft with concrete floors and exposed ductwork.', 'SEMI_FURNISHED', 2, 7, '2023-08-15', 'RENTAL', 'TWO_KK', (SELECT id FROM app_user WHERE email = 'landlord4@landlord.com'), CURRENT_DATE + INTERVAL '1 day' * FLOOR(random() * 7)),
    ('123e4567-e89b-12d3-a456-426614174144', 'Bright Apartment', '864 Elm St', 1800.00, 110, 'A bright apartment with a breakfast nook and pantry.', 'UNFURNISHED', 2, 4, '2023-09-15', 'RENTAL', 'TWO_KK', (SELECT id FROM app_user WHERE email = 'landlord5@landlord.com'), CURRENT_DATE + INTERVAL '1 day' * FLOOR(random() * 7)),
    ('123e4567-e89b-12d3-a456-426614174145', 'Spacious Duplex', '753 Maple Ave', 4500.00, 280, 'A spacious duplex with a home office and gym.', 'UNFURNISHED', 4, 0, '2023-07-01', 'SALE', 'FOUR_KK', (SELECT id FROM app_user WHERE email = 'landlord@landlord.com'), CURRENT_DATE + INTERVAL '1 day' * FLOOR(random() * 7)),
    ('123e4567-e89b-12d3-a456-426614174146', 'Cozy Studio', '951 Pine Rd', 850.00, 40, 'A cozy studio with a loft bed and storage stairs.', 'FURNISHED', 1, 6, '2023-08-01', 'RENTAL', 'ONE_KK', (SELECT id FROM app_user WHERE email = 'landlord2@landlord.com'), CURRENT_DATE + INTERVAL '1 day' * FLOOR(random() * 7)),
    ('123e4567-e89b-12d3-a456-426614174147', 'Elegant Condo', '357 Cedar St', 3200.00, 180, 'An elegant condo with a formal dining room and den.', 'SEMI_FURNISHED', 3, 8, '2023-09-01', 'SALE', 'THREE_KK', (SELECT id FROM app_user WHERE email = 'landlord3@landlord.com'), CURRENT_DATE + INTERVAL '1 day' * FLOOR(random() * 7)),
    ('123e4567-e89b-12d3-a456-426614174148', 'Modern Loft', '246 Walnut Ave', 2500.00, 160, 'A modern loft with a floating staircase and skylights.', 'UNFURNISHED', 2, 9, '2023-07-15', 'RENTAL', 'TWO_KK', (SELECT id FROM app_user WHERE email = 'landlord4@landlord.com'), CURRENT_DATE + INTERVAL '1 day' * FLOOR(random() * 7)),
    ('123e4567-e89b-12d3-a456-426614174149', 'Luxury Penthouse', '864 Birch St', 6500.00, 320, 'A luxury penthouse with a private elevator and terrace.', 'FURNISHED', 4, 13, '2023-08-15', 'SALE', 'FOUR_KK', (SELECT id FROM app_user WHERE email = 'landlord5@landlord.com'), CURRENT_DATE + INTERVAL '1 day' * FLOOR(random() * 7)),
    ('123e4567-e89b-12d3-a456-426614174150', 'Spacious Apartment', '123 Oak St', 1500.00, 100, 'A spacious apartment with a balcony and city views.', 'UNFURNISHED', 3, 5, '2023-09-15', 'RENTAL', 'THREE_KK', (SELECT id FROM app_user WHERE email = 'landlord@landlord.com'), CURRENT_DATE + INTERVAL '1 day' * FLOOR(random() * 7)),
    ('123e4567-e89b-12d3-a456-426614174151', 'Cozy Studio', '456 Elm Ave', 800.00, 45, 'A cozy studio with a kitchenette and built-in storage.', 'FURNISHED', 1, 2, '2023-07-01', 'RENTAL', 'ONE_KK', (SELECT id FROM app_user WHERE email = 'landlord2@landlord.com'), CURRENT_DATE + INTERVAL '1 day' * FLOOR(random() * 7)),
    ('123e4567-e89b-12d3-a456-426614174152', 'Luxury Condo', '789 Maple Rd', 3800.00, 200, 'A luxury condo with high-end finishes and amenities.', 'SEMI_FURNISHED', 3, 9, '2023-08-01', 'SALE', 'THREE_KK', (SELECT id FROM app_user WHERE email = 'landlord3@landlord.com'), CURRENT_DATE + INTERVAL '1 day' * FLOOR(random() * 7)),
    ('123e4567-e89b-12d3-a456-426614174153', 'Modern Loft', '321 Pine St', 2200.00, 140, 'A modern loft with an open floor plan and industrial touches.', 'UNFURNISHED', 2, 7, '2023-09-01', 'RENTAL', 'TWO_KK', (SELECT id FROM app_user WHERE email = 'landlord4@landlord.com'), CURRENT_DATE + INTERVAL '1 day' * FLOOR(random() * 7)),
    ('123e4567-e89b-12d3-a456-426614174154', 'Bright Apartment', '654 Cedar Ave', 1800.00, 110, 'A bright apartment with large windows and natural light.', 'FURNISHED', 2, 4, '2023-07-15', 'RENTAL', 'TWO_KK', (SELECT id FROM app_user WHERE email = 'landlord5@landlord.com'), CURRENT_DATE + INTERVAL '1 day' * FLOOR(random() * 7)),
    ('123e4567-e89b-12d3-a456-426614174155', 'Spacious Townhouse', '987 Walnut Rd', 3500.00, 220, 'A spacious townhouse with multiple levels and a garage.', 'UNFURNISHED', 4, 0, '2023-08-15', 'SALE', 'FOUR_KK', (SELECT id FROM app_user WHERE email = 'landlord@landlord.com'), CURRENT_DATE + INTERVAL '1 day' * FLOOR(random() * 7)),
    ('123e4567-e89b-12d3-a456-426614174156', 'Cozy Cottage', '741 Birch St', 1300.00, 90, 'A cozy cottage with a fireplace and charming details.', 'FURNISHED', 2, 1, '2023-09-15', 'RENTAL', 'TWO_KK', (SELECT id FROM app_user WHERE email = 'landlord2@landlord.com'), CURRENT_DATE + INTERVAL '1 day' * FLOOR(random() * 7)),
    ('123e4567-e89b-12d3-a456-426614174157', 'Elegant Duplex', '852 Oak Ave', 4200.00, 250, 'An elegant duplex with a private backyard and patio.', 'SEMI_FURNISHED', 4, 0, '2023-07-01', 'SALE', 'FOUR_KK', (SELECT id FROM app_user WHERE email = 'landlord3@landlord.com'), CURRENT_DATE + INTERVAL '1 day' * FLOOR(random() * 7)),
    ('123e4567-e89b-12d3-a456-426614174158', 'Industrial Studio', '963 Elm Rd', 1000.00, 55, 'An industrial studio with exposed brick walls and concrete floors.', 'UNFURNISHED', 1, 3, '2023-08-01', 'RENTAL', 'ONE_KK', (SELECT id FROM app_user WHERE email = 'landlord4@landlord.com'), CURRENT_DATE + INTERVAL '1 day' * FLOOR(random() * 7)),
    ('123e4567-e89b-12d3-a456-426614174159', 'Luxury Penthouse', '159 Maple St', 6000.00, 300, 'A luxury penthouse with panoramic views and high-end amenities.', 'FURNISHED', 4, 12, '2023-09-01', 'SALE', 'FOUR_KK', (SELECT id FROM app_user WHERE email = 'landlord5@landlord.com'), CURRENT_DATE + INTERVAL '1 day' * FLOOR(random() * 7)),
    ('123e4567-e89b-12d3-a456-426614174160', 'Spacious Condo', '753 Pine Ave', 2800.00, 180, 'A spacious condo with a modern kitchen and bathroom.', 'UNFURNISHED', 3, 6, '2023-07-15', 'SALE', 'THREE_KK', (SELECT id FROM app_user WHERE email = 'landlord@landlord.com'), CURRENT_DATE + INTERVAL '1 day' * FLOOR(random() * 7)),
    ('123e4567-e89b-12d3-a456-426614174161', 'Cozy Bungalow', '951 Cedar Rd', 1500.00, 100, 'A cozy bungalow with a front porch and backyard.', 'FURNISHED', 2, 0, '2023-08-15', 'RENTAL', 'TWO_KK', (SELECT id FROM app_user WHERE email = 'landlord2@landlord.com'), CURRENT_DATE + INTERVAL '1 day' * FLOOR(random() * 7)),
    ('123e4567-e89b-12d3-a456-426614174162', 'Modern Apartment', '357 Walnut St', 2200.00, 130, 'A modern apartment with a balcony and city views.', 'SEMI_FURNISHED', 2, 8, '2023-09-15', 'RENTAL', 'TWO_KK', (SELECT id FROM app_user WHERE email = 'landlord3@landlord.com'), CURRENT_DATE + INTERVAL '1 day' * FLOOR(random() * 7)),
    ('123e4567-e89b-12d3-a456-426614174163', 'Bright Loft', '246 Birch Ave', 2600.00, 160, 'A bright loft with floor-to-ceiling windows and an open layout.', 'UNFURNISHED', 3, 5, '2023-07-01', 'RENTAL', 'THREE_KK', (SELECT id FROM app_user WHERE email = 'landlord4@landlord.com'), CURRENT_DATE + INTERVAL '1 day' * FLOOR(random() * 7)),
    ('123e4567-e89b-12d3-a456-426614174164', 'Elegant Townhouse', '864 Oak Rd', 4500.00, 280, 'An elegant townhouse with a rooftop terrace and garage.', 'UNFURNISHED', 4, 0, '2023-08-01', 'SALE', 'FOUR_KK', (SELECT id FROM app_user WHERE email = 'landlord5@landlord.com'), CURRENT_DATE + INTERVAL '1 day' * FLOOR(random() * 7)),
    ('123e4567-e89b-12d3-a456-426614174165', 'Industrial Loft', '753 Elm St', 2100.00, 120, 'An industrial loft with high ceilings and exposed ductwork.', 'SEMI_FURNISHED', 2, 4, '2023-09-01', 'RENTAL', 'TWO_KK', (SELECT id FROM app_user WHERE email = 'landlord@landlord.com'), CURRENT_DATE + INTERVAL '1 day' * FLOOR(random() * 7)),
    ('123e4567-e89b-12d3-a456-426614174166', 'Spacious Duplex', '951 Maple Ave', 3800.00, 240, 'A spacious duplex with a private garden and patio.', 'UNFURNISHED', 4, 0, '2023-07-15', 'SALE', 'FOUR_KK', (SELECT id FROM app_user WHERE email = 'landlord2@landlord.com'), CURRENT_DATE + INTERVAL '1 day' * FLOOR(random() * 7)),
    ('123e4567-e89b-12d3-a456-426614174167', 'Cozy Apartment', '357 Pine Rd', 1200.00, 80, 'A cozy apartment with a breakfast nook and pantry.', 'FURNISHED', 2, 3, '2023-08-15', 'RENTAL', 'TWO_KK', (SELECT id FROM app_user WHERE email = 'landlord3@landlord.com'), CURRENT_DATE + INTERVAL '1 day' * FLOOR(random() * 7)),
    ('123e4567-e89b-12d3-a456-426614174168', 'Luxury Condo', '246 Cedar St', 4000.00, 220, 'A luxury condo with a fitness center and pool.', 'SEMI_FURNISHED', 3, 10, '2023-09-15', 'SALE', 'THREE_KK', (SELECT id FROM app_user WHERE email = 'landlord4@landlord.com'), CURRENT_DATE + INTERVAL '1 day' * FLOOR(random() * 7)),
    ('123e4567-e89b-12d3-a456-426614174169', 'Modern Studio', '864 Walnut Ave', 900.00, 50, 'A modern studio with a murphy bed and built-in storage.', 'FURNISHED', 1, 2, '2023-07-01', 'RENTAL', 'ONE_KK', (SELECT id FROM app_user WHERE email = 'landlord5@landlord.com'), CURRENT_DATE + INTERVAL '1 day' * FLOOR(random() * 7)),
    ('123e4567-e89b-12d3-a456-426614174170', 'Bright Apartment', '753 Birch Rd', 1800.00, 110, 'A bright apartment with large windows and a balcony.', 'UNFURNISHED', 2, 6, '2023-08-01', 'RENTAL', 'TWO_KK', (SELECT id FROM app_user WHERE email = 'landlord@landlord.com'), CURRENT_DATE + INTERVAL '1 day' * FLOOR(random() * 7)),
    ('123e4567-e89b-12d3-a456-426614174171', 'Spacious House', '951 Oak St', 4800.00, 300, 'A spacious house with multiple bedrooms and a large backyard.', 'UNFURNISHED', 5, 0, '2023-09-01', 'SALE', 'FIVE_KK', (SELECT id FROM app_user WHERE email = 'landlord2@landlord.com'), CURRENT_DATE + INTERVAL '1 day' * FLOOR(random() * 7)),
    ('123e4567-e89b-12d3-a456-426614174172', 'Cozy Bungalow', '357 Elm Ave', 1500.00, 100, 'A cozy bungalow with a charming front porch and fireplace.', 'FURNISHED', 2, 1, '2023-07-15', 'RENTAL', 'TWO_KK', (SELECT id FROM app_user WHERE email = 'landlord3@landlord.com'), CURRENT_DATE + INTERVAL '1 day' * FLOOR(random() * 7)),
    ('123e4567-e89b-12d3-a456-426614174173', 'Elegant Apartment', '246 Maple Rd', 2800.00, 150, 'An elegant apartment with a modern kitchen and bathroom.', 'SEMI_FURNISHED', 3, 7, '2023-08-15', 'RENTAL', 'THREE_KK', (SELECT id FROM app_user WHERE email = 'landlord4@landlord.com'), CURRENT_DATE + INTERVAL '1 day' * FLOOR(random() * 7)),
    ('123e4567-e89b-12d3-a456-426614174174', 'Luxury Penthouse', '864 Pine St', 6500.00, 320, 'A luxury penthouse with a private elevator and terrace.', 'FURNISHED', 4, 14, '2023-09-15', 'SALE', 'FOUR_KK', (SELECT id FROM app_user WHERE email = 'landlord5@landlord.com'), CURRENT_DATE + INTERVAL '1 day' * FLOOR(random() * 7)),
    ('123e4567-e89b-12d3-a456-426614174175', 'Modern Loft', '753 Cedar Ave', 2500.00, 160, 'A modern loft with an open concept layout and skylights.', 'UNFURNISHED', 3, 5, '2023-07-01', 'RENTAL', 'THREE_KK', (SELECT id FROM app_user WHERE email = 'landlord@landlord.com'), CURRENT_DATE + INTERVAL '1 day' * FLOOR(random() * 7)),
    ('123e4567-e89b-12d3-a456-426614174176', 'Spacious Townhouse', '951 Walnut Rd', 3500.00, 220, 'A spacious townhouse with a rooftop terrace and garage.', 'UNFURNISHED', 4, 0, '2023-08-01', 'SALE', 'FOUR_KK', (SELECT id FROM app_user WHERE email = 'landlord2@landlord.com'), CURRENT_DATE + INTERVAL '1 day' * FLOOR(random() * 7)),
    ('123e4567-e89b-12d3-a456-426614174177', 'Cozy Cottage', '357 Birch St', 1300.00, 90, 'A cozy cottage with a wood-burning stove and charming details.', 'FURNISHED', 2, 0, '2023-09-01', 'RENTAL', 'TWO_KK', (SELECT id FROM app_user WHERE email = 'landlord3@landlord.com'), CURRENT_DATE + INTERVAL '1 day' * FLOOR(random() * 7)),
    ('123e4567-e89b-12d3-a456-426614174178', 'Industrial Studio', '246 Oak Ave', 1000.00, 55, 'An industrial studio with exposed brick walls and concrete floors.', 'SEMI_FURNISHED', 1, 4, '2023-07-15', 'RENTAL', 'ONE_KK', (SELECT id FROM app_user WHERE email = 'landlord4@landlord.com'), CURRENT_DATE + INTERVAL '1 day' * FLOOR(random() * 7)),
    ('123e4567-e89b-12d3-a456-426614174179', 'Bright Apartment', '864 Elm Rd', 1800.00, 110, 'A bright apartment with a breakfast nook and pantry.', 'UNFURNISHED', 2, 3, '2023-08-15', 'RENTAL', 'TWO_KK', (SELECT id FROM app_user WHERE email = 'landlord5@landlord.com'), CURRENT_DATE + INTERVAL '1 day' * FLOOR(random() * 7)),
    ('123e4567-e89b-12d3-a456-426614174180', 'Spacious Duplex', '753 Maple St', 4500.00, 280, 'A spacious duplex with a home office and gym.', 'UNFURNISHED', 4, 0, '2023-09-15', 'SALE', 'FOUR_KK', (SELECT id FROM app_user WHERE email = 'landlord@landlord.com'), CURRENT_DATE + INTERVAL '1 day' * FLOOR(random() * 7)),
    ('123e4567-e89b-12d3-a456-426614174181', 'Cozy Studio', '951 Pine Ave', 850.00, 40, 'A cozy studio with a loft bed and storage stairs.', 'FURNISHED', 1, 5, '2023-07-01', 'RENTAL', 'ONE_KK', (SELECT id FROM app_user WHERE email = 'landlord2@landlord.com'), CURRENT_DATE + INTERVAL '1 day' * FLOOR(random() * 7)),
    ('123e4567-e89b-12d3-a456-426614174182', 'Elegant Condo', '357 Cedar Rd', 3200.00, 180, 'An elegant condo with a formal dining room and den.', 'SEMI_FURNISHED', 3, 9, '2023-08-01', 'SALE', 'THREE_KK', (SELECT id FROM app_user WHERE email = 'landlord3@landlord.com'), CURRENT_DATE + INTERVAL '1 day' * FLOOR(random() * 7));

-- Insert users
INSERT INTO app_user (id, name, surname, email, phone_number, password, role, account_status, verification_status)
VALUES
  ('123e4567-e89b-12d3-a456-426614174315', 'John', 'Doe', 'admin@admin.com', '+1234567890', '$2a$10$peVWSM29zeq95fC5MpvYg.mnSPwUy.CyyxNZ452TcILGezbZraQKS', 'ADMIN', 'ACTIVE', 'VERIFIED'),
('123e4567-e89b-12d3-a456-426614174921', 'Jane', 'Smith', 'landlord@landlord.com', '+0987654321', '$2a$10$peVWSM29zeq95fC5MpvYg.mnSPwUy.CyyxNZ452TcILGezbZraQKS', 'LANDLORD', 'ACTIVE', 'VERIFIED'),
('123e4567-e89b-12d3-a456-426614178002', 'Mike', 'Johnson', 'tenant@tenant.com', '+1111111111', '$2a$10$peVWSM29zeq95fC5MpvYg.mnSPwUy.CyyxNZ452TcILGezbZraQKS', 'TENANT', 'ACTIVE', 'VERIFIED'),
('123e4567-e89b-12d3-a456-426614174005', 'Mike', 'Johnson', 'landlord2@landlord.com', '+1111111191', '$2a$10$peVWSM29zeq95fC5MpvYg.mnSPwUy.CyyxNZ452TcILGezbZraQKS', 'LANDLORD', 'ACTIVE', 'VERIFIED'),
('123e4567-e89b-12d3-a456-426614174009', 'Emily', 'Brown', 'landlord3@landlord.com', '+2222222222', '$2a$10$peVWSM29zeq95fC5MpvYg.mnSPwUy.CyyxNZ452TcILGezbZraQKS', 'LANDLORD', 'ACTIVE', 'VERIFIED'),
('123e4567-e89b-12d3-a456-426614174012', 'David', 'Wilson', 'landlord4@landlord.com', '+3333333333', '$2a$10$peVWSM29zeq95fC5MpvYg.mnSPwUy.CyyxNZ452TcILGezbZraQKS', 'LANDLORD', 'ACTIVE', 'VERIFIED'),
('123e4567-e89b-12d3-a456-426614174013', 'Sarah', 'Taylor', 'landlord5@landlord.com', '+4444444444', '$2a$10$peVWSM29zeq95fC5MpvYg.mnSPwUy.CyyxNZ452TcILGezbZraQKS', 'LANDLORD', 'ACTIVE', 'VERIFIED'),
('123e4567-e89b-12d3-a456-426614174014', 'Michael', 'Anderson', 'tenant1@tenant.com', '+5555555555', '$2a$10$peVWSM29zeq95fC5MpvYg.mnSPwUy.CyyxNZ452TcILGezbZraQKS', 'TENANT', 'ACTIVE', 'VERIFIED'),
('123e4567-e89b-12d3-a456-426614174015', 'Emma', 'Thomas', 'tenant2@tenant.com', '+6666666666', '$2a$10$peVWSM29zeq95fC5MpvYg.mnSPwUy.CyyxNZ452TcILGezbZraQKS', 'TENANT', 'ACTIVE', 'VERIFIED'),
('123e4567-e89b-12d3-a456-426614174016', 'Daniel', 'Jackson', 'tenant3@tenant.com', '+7777777777', '$2a$10$peVWSM29zeq95fC5MpvYg.mnSPwUy.CyyxNZ452TcILGezbZraQKS', 'TENANT', 'ACTIVE', 'VERIFIED'),
('123e4567-e89b-12d3-a456-426614174019', 'Olivia', 'White', 'tenant4@tenant.com', '+8888888888', '$2a$10$peVWSM29zeq95fC5MpvYg.mnSPwUy.CyyxNZ452TcILGezbZraQKS', 'TENANT', 'ACTIVE', 'VERIFIED');
INSERT INTO images (id, created_at, file_name, property_id) VALUES
                                                                ('21950b41-416b-4b4a-9c4e-077d83fc913f', '2024-05-18 15:38:03.626909', '874ff1b2-9ee3-47a3-805d-6bc2fe21e4a7_9_kitchen.jpg', '123e4567-e89b-12d3-a456-426614174101'),
                                                                ('c1584fad-b0d9-4f45-9096-7ab28ce79400', '2024-05-18 15:38:03.630439', '269a95fc-885a-451b-b795-b8e7a744feb2_9_frontal.jpg', '123e4567-e89b-12d3-a456-426614174101'),
                                                                ('6d6d2371-c827-4e9b-9135-9b5c680acf4a', '2024-05-18 15:38:16.976368', '700aa4f2-0cb6-4475-96ee-3944902fa6cf_9_bedroom.jpg', '123e4567-e89b-12d3-a456-426614174102'),
                                                                ('3b5aed56-a05f-4b69-86ba-458b206b9133', '2024-05-18 15:38:16.980499', 'ca82d90e-2be9-440a-93bc-2b68150cf70e_9_bathroom.jpg', '123e4567-e89b-12d3-a456-426614174102'),
                                                                ('958f6c98-fef5-47ee-a613-8aaf22693b48', '2024-05-18 15:38:33.164608', 'f160e85f-6036-4f42-95d8-044ae8bcb057_99_kitchen.jpg', '123e4567-e89b-12d3-a456-426614174103'),
                                                                ('21897a08-96ad-457d-8bd1-1a2626e9f466', '2024-05-18 15:38:33.168930', 'c55b7217-0c4e-487b-a4a0-4498ffc85c05_99_frontal.jpg', '123e4567-e89b-12d3-a456-426614174103'),
                                                                ('965a6bcf-0ea4-4698-85eb-2e592f48d22b', '2024-05-18 15:38:33.171582', '879d165c-8a54-4cf2-9ad3-13820e8f82ac_99_bedroom.jpg', '123e4567-e89b-12d3-a456-426614174103'),
                                                                ('023d7b56-d0e8-44e6-a712-d689b646bc2d', '2024-05-18 15:38:55.393069', '2e069caa-1367-4bfa-9e9f-dff346e27337_98_kitchen.jpg', '123e4567-e89b-12d3-a456-426614174104'),
                                                                ('3e43d914-ba9e-4948-b443-f66421773728', '2024-05-18 15:38:55.398639', '63032427-92d6-49c7-9b6a-c1580a9beced_98_frontal.jpg', '123e4567-e89b-12d3-a456-426614174104'),
                                                                ('f55bd440-0cf1-40a5-affb-5a181de4e6d6', '2024-05-18 15:38:55.403994', '4354aa89-8b5f-4bcc-b10a-c84ddc802616_97_kitchen.jpg', '123e4567-e89b-12d3-a456-426614174104'),
                                                                ('ac65f2c2-d80c-4a01-b1a4-b575c5de74bb', '2024-05-18 15:39:10.025055', '40bf0910-6272-4edf-92bb-6694fb3801c9_96_frontal.jpg', '123e4567-e89b-12d3-a456-426614174105'),
                                                                ('ec0fed01-e085-4cb7-97f1-58c0c93d437e', '2024-05-18 15:39:10.029483', '0b222f9d-3015-491b-978d-c9243fd4a9ac_96_bedroom.jpg', '123e4567-e89b-12d3-a456-426614174105'),
                                                                ('fc244d53-52fb-4284-b3c1-f9ef28f7ae16', '2024-05-18 15:39:10.033824', '1e374708-c067-4385-91b3-b338dbf22d04_95_kitchen.jpg', '123e4567-e89b-12d3-a456-426614174105'),
                                                                ('cb2e3ff3-3cfe-45ee-9b6b-4372228bc9d2', '2024-05-18 15:39:35.579590', '398dd19c-bf78-47d4-993c-abace57b6de2_95_bedroom.jpg', '123e4567-e89b-12d3-a456-426614174106'),
                                                                ('0b131c40-8c5e-4c69-b6f6-a0d53400d5f1', '2024-05-18 15:39:35.583542', 'd726c15b-ec0d-4a99-bc07-bd247de7ec96_92_bathroom.jpg', '123e4567-e89b-12d3-a456-426614174106'),
                                                                ('627c2d49-c27e-4c47-b172-e526270be347', '2024-05-18 15:39:35.586322', '2eaa6aea-7641-4394-a670-3a0eb4f6f937_92_bedroom.jpg', '123e4567-e89b-12d3-a456-426614174106'),
                                                                ('8fb7dda1-0bed-4874-852a-63b1430e95e0', '2024-05-18 15:39:52.979527', '3cfd0577-5db4-4660-bbf8-3bef1353f6ec_92_kitchen.jpg', '123e4567-e89b-12d3-a456-426614174107'),
                                                                ('7f94aa05-d07d-4a21-b827-b1fa36ad9024', '2024-05-18 15:39:52.984649', '5b214640-1e0c-4956-ae4f-851f03aa90d2_91_kitchen.jpg', '123e4567-e89b-12d3-a456-426614174107'),
                                                                ('2f28ec65-2cdb-4cae-9278-a23b5a87d83d', '2024-05-18 15:40:22.882734', '6889df62-9e38-4fbe-8ced-cfc942fa3edb_97_bedroom.jpg', '123e4567-e89b-12d3-a456-426614174109'),
                                                                ('c9d9ce03-24bd-41d4-95da-8a57666f89f7', '2024-05-18 15:40:22.887165', '14cb794e-55a0-4fa0-b72a-b0445831db05_75_kitchen.jpg', '123e4567-e89b-12d3-a456-426614174109'),
                                                                ('f8485551-64a6-4e74-b1ac-c001346c7532', '2024-05-18 15:40:22.890642', 'a338f43f-2a5a-4396-92ce-f1cba885547f_66_kitchen.jpg', '123e4567-e89b-12d3-a456-426614174109'),
                                                                ('080e8ef9-613c-4e95-a7d9-0c3b9f074bf9', '2024-05-18 15:40:38.594239', 'e4c20968-6473-4477-86cf-e85507e10930_60_bedroom.jpg', '123e4567-e89b-12d3-a456-426614174110'),
                                                                ('a54dbc15-5efd-4252-b80b-bed2cf41d019', '2024-05-18 15:40:38.599406', '5a9fe35d-9ba2-44e8-b7b2-dc76e499b146_55_bathroom.jpg', '123e4567-e89b-12d3-a456-426614174110'),
                                                                ('cbbedd90-3e3f-4faf-9805-cd2b53ad1c54', '2024-05-18 15:40:50.397675', 'fb483f8a-29b1-4888-8cff-d824f342a02f_521_kitchen.jpg', '123e4567-e89b-12d3-a456-426614174111'),
                                                                ('41640d6f-b861-4eb9-938f-34cb825a0002', '2024-05-18 15:40:50.402884', '2734403c-0c5a-4e8a-b42c-a1957eb62538_49_bathroom.jpg', '123e4567-e89b-12d3-a456-426614174111'),
                                                                ('92918a8c-513c-40d0-b94e-a953161110c5', '2024-05-18 15:41:02.219355', '77184d93-92d3-4f28-b2bd-2bc8f661d246_5_bedroom.jpg', '123e4567-e89b-12d3-a456-426614174112'),
                                                                ('a4f45f41-5806-4a3f-aa35-ba16aed09848', '2024-05-18 15:41:02.222646', '752413ed-30d0-4816-8de4-8cf2e51b248f_525_frontal.jpg', '123e4567-e89b-12d3-a456-426614174112'),
                                                                ('18de58d2-3be4-443f-aac2-708ce678c8ae', '2024-05-18 15:41:12.299285', 'f3015398-96ee-4006-9bca-82d3220381a4_450_kitchen.jpg', '123e4567-e89b-12d3-a456-426614174113'),
                                                                ('7eab152b-186c-48f2-bffd-9e4a555c4734', '2024-05-18 15:41:12.303651', '9056b5dd-25e4-402b-a6bb-40626c02f3bf_396_bathroom.jpg', '123e4567-e89b-12d3-a456-426614174113'),
                                                                ('088e11d1-3db3-42dc-9c69-3feca7be07b9', '2024-05-18 15:41:22.505231', '74185613-3a1c-4405-ab81-ae1150953852_48_kitchen.jpg', '123e4567-e89b-12d3-a456-426614174114'),
                                                                ('c9914d94-8d46-4e72-80a6-1d5a59ee2850', '2024-05-18 15:41:22.509734', '23b65d94-e7a2-4b3d-aefd-e87d9035149f_499_bathroom.jpg', '123e4567-e89b-12d3-a456-426614174114'),
                                                                ('8b5e0681-bfeb-4cf3-b93d-3f78dad2f1b3', '2024-05-18 15:41:40.582597', '19feec2f-6a67-48cc-950b-bd6d1639cd9e_491_bedroom.jpg', '123e4567-e89b-12d3-a456-426614174116'),
                                                                ('c473ab93-adab-41ce-9b31-60af4a037e19', '2024-05-18 15:41:40.587689', 'd957f3c2-cdaa-4d7e-9054-5be6ea2ba6de_518_kitchen.jpg', '123e4567-e89b-12d3-a456-426614174116'),
                                                                ('61565b88-46c7-4c96-8660-6a401f81f8e7', '2024-05-18 15:42:49.407718', '4eb12ab0-af42-4e07-8514-634ad18340de_491_bedroom.jpg', '123e4567-e89b-12d3-a456-426614174117'),
                                                                ('4efb02f4-2f84-458a-8a99-498462720957', '2024-05-18 15:42:49.411969', 'e8e44b85-061d-4d06-b8fc-a10cae3499fa_518_kitchen.jpg', '123e4567-e89b-12d3-a456-426614174117'),
                                                                ('c57dc079-660e-4be8-ba16-6e0d3c1ef35b', '2024-05-18 15:42:49.412409', '98ac272e-bc42-463f-b8f7-dc13cfa0070c_96_frontal.jpg', '123e4567-e89b-12d3-a456-426614174117'),
                                                                ('c5290d66-e041-42f8-8ce5-218e2bb56d30', '2024-05-18 15:42:49.412957', '2c4a1e2a-d4ee-4cc1-9e15-8afc4028416e_91_frontal.jpg', '123e4567-e89b-12d3-a456-426614174117'),
                                                                ('df7614ae-c9c9-4be6-93a3-6a4dc79f73b3', '2024-05-18 15:42:49.413225', 'f80a4a82-2bd5-4520-be1d-aba27b61e4cb_65_bathroom.jpg', '123e4567-e89b-12d3-a456-426614174117'),
                                                                ('6efd56a1-bf10-4add-9d36-bd94fabe62b1', '2024-05-18 15:42:52.577403', '8863d7fc-152e-4545-9a5d-b30ece936eaa_491_bedroom.jpg', '123e4567-e89b-12d3-a456-426614174118'),
                                                                ('07456623-5e99-4c12-94a6-b93b76d01d4d', '2024-05-18 15:42:52.579428', 'b524126b-164b-4c77-bfab-f9aeb89fe4e7_518_kitchen.jpg', '123e4567-e89b-12d3-a456-426614174118'),
                                                                ('c72f24f6-7346-451b-93f1-0649e65d8485', '2024-05-18 15:42:52.581023', '60a02769-cc12-4555-b1db-80267b804947_96_frontal.jpg', '123e4567-e89b-12d3-a456-426614174118'),
                                                                ('31d267f2-9e09-4062-9c01-b5405cae7050', '2024-05-18 15:42:52.583899', '70678945-af80-405e-9387-e98f32e2275d_91_frontal.jpg', '123e4567-e89b-12d3-a456-426614174118'),
                                                                ('56a34007-c8df-4371-a60d-186d01a0ac37', '2024-05-18 15:42:52.585169', 'e809e502-d8e7-4c30-bfcf-d8d7fcb268a9_65_bathroom.jpg', '123e4567-e89b-12d3-a456-426614174118'),
                                                                ('efa4259a-4466-4c44-aa15-0264549373f3', '2024-05-18 15:42:56.392342', '0718a9e2-7d27-4cfb-ba4e-4e725bf39212_491_bedroom.jpg', '123e4567-e89b-12d3-a456-426614174119'),
                                                                ('eb27c048-c33b-485b-8be6-d2d4c7acca28', '2024-05-18 15:42:56.393683', 'cdcba8e0-143d-4f17-a21e-4af20e7ea1b7_518_kitchen.jpg', '123e4567-e89b-12d3-a456-426614174119'),
                                                                ('bcd0f62f-9243-44a1-843d-f3a4739eeecd', '2024-05-18 15:42:56.394984', '5fc9a79c-8fd5-4350-b3ca-7d6a9f7a81c8_96_frontal.jpg', '123e4567-e89b-12d3-a456-426614174119'),
                                                                ('93ab8fc7-ce6c-4d8d-8660-befb0be5f1ea', '2024-05-18 15:42:56.397030', '90fa1c50-83a6-43d4-be40-86527bcf0a4d_91_frontal.jpg', '123e4567-e89b-12d3-a456-426614174119'),
                                                                ('bf5c7e19-4c9d-467e-883e-2a1918d0581d', '2024-05-18 15:42:56.398104', '7067f080-9a3e-4063-b3e0-2fa3886b567d_65_bathroom.jpg', '123e4567-e89b-12d3-a456-426614174119'),
                                                                ('25b95014-cc39-414d-aaeb-5911efbefc6d', '2024-05-18 15:42:59.140321', 'df1dc0f2-aacf-42f5-87f6-66fb8cb03449_491_bedroom.jpg', '123e4567-e89b-12d3-a456-426614174120'),
                                                                ('aae6e271-e64d-4f11-8603-94715177c69b', '2024-05-18 15:42:59.142144', 'b532703a-ff80-4e18-a5a0-d1a4aa6ba82f_518_kitchen.jpg', '123e4567-e89b-12d3-a456-426614174120'),
                                                                ('66632ed4-8698-4b99-8715-247558120c44', '2024-05-18 15:42:59.143390', '818bb30f-9960-4c17-9a56-c59a6913e613_96_frontal.jpg', '123e4567-e89b-12d3-a456-426614174120'),
                                                                ('25f21683-3274-41a2-a6b8-1b5f54518017', '2024-05-18 15:42:59.144866', '23f27450-3ede-46af-8e70-0d7b790e37b9_91_frontal.jpg', '123e4567-e89b-12d3-a456-426614174120'),
                                                                ('ffe52464-bdae-4653-a227-0abffd9f7995', '2024-05-18 15:42:59.145879', '6b9b495a-ee65-4b35-baf7-12b7c9a53eff_65_bathroom.jpg', '123e4567-e89b-12d3-a456-426614174120'),
                                                                ('2c2ef8f5-22b2-4a27-b771-0080c26f6499', '2024-05-18 15:43:01.192355', 'd8efa2bb-d2a0-44aa-907e-11ca98f453bc_491_bedroom.jpg', '123e4567-e89b-12d3-a456-426614174121'),
                                                                ('e2c63c65-2d38-432b-b256-15f48d38c1a9', '2024-05-18 15:43:01.193918', '2dc007d3-9b81-482e-a7e4-381a5ad20ef1_518_kitchen.jpg', '123e4567-e89b-12d3-a456-426614174121'),
                                                                ('db19db5c-4b72-4878-b6e9-e488280f81b0', '2024-05-18 15:43:01.195091', '888c0918-18cc-4375-9f9e-65d22c4a51d4_96_frontal.jpg', '123e4567-e89b-12d3-a456-426614174121'),
                                                                ('60180dd1-68d3-40aa-93ef-20fffa3b202b', '2024-05-18 15:43:01.196485', 'd49dcacf-ec13-497a-a27d-0b684e406797_91_frontal.jpg', '123e4567-e89b-12d3-a456-426614174121'),
                                                                ('ea5da718-34d5-4bb4-8cfa-531446ba0521', '2024-05-18 15:43:01.197600', 'dc4f3b78-5dd6-43ed-9450-e30039015064_65_bathroom.jpg', '123e4567-e89b-12d3-a456-426614174121'),
                                                                ('cf5202df-4096-4a5f-a0ac-1371d5d39b8b', '2024-05-18 15:43:03.013776', '54b8830a-886a-4ff1-b1af-a6c5b9fc8eaf_491_bedroom.jpg', '123e4567-e89b-12d3-a456-426614174122'),
                                                                ('ca1ca12e-77bd-412b-bce3-eb34df089b10', '2024-05-18 15:43:03.015496', 'cb1e95f1-fde9-476b-ae36-678bf20861e6_518_kitchen.jpg', '123e4567-e89b-12d3-a456-426614174122'),
                                                                ('42518695-a7e2-4238-b5de-afa423180440', '2024-05-18 15:43:03.016653', '72e85708-9503-4e3b-9df4-9ab72861a438_96_frontal.jpg', '123e4567-e89b-12d3-a456-426614174122'),
                                                                ('b564128d-75bf-424e-9e82-23a1ae42c681', '2024-05-18 15:43:03.018010', '2b483628-5c14-4808-bcd8-ea175974629e_91_frontal.jpg', '123e4567-e89b-12d3-a456-426614174122'),
                                                                ('e8a84852-d881-432f-9612-66aa9e6188bf', '2024-05-18 15:43:03.018784', 'bd2f5d71-bbc4-4757-972e-1fb49d2926c0_65_bathroom.jpg', '123e4567-e89b-12d3-a456-426614174122'),
                                                                ('326914eb-6b1e-46d7-a60a-2b620e12304e', '2024-05-18 15:43:04.991923', 'ca4ab028-cbdd-4b14-8f13-0d9a5adee82c_491_bedroom.jpg', '123e4567-e89b-12d3-a456-426614174123'),
                                                                ('823f84ee-831a-4666-8f48-dce0b1dd1cee', '2024-05-18 15:43:04.993287', 'f95dcd6a-3884-43c2-a477-3e0c333e2482_518_kitchen.jpg', '123e4567-e89b-12d3-a456-426614174123'),
                                                                ('3e1f3d1c-2e27-48c2-9b26-55e57b2a000f', '2024-05-18 15:43:04.994479', '1fcfa421-190d-4210-a60a-990033edb680_96_frontal.jpg', '123e4567-e89b-12d3-a456-426614174123'),
                                                                ('3953b208-0224-4093-876a-ad380e70bc14', '2024-05-18 15:43:04.995853', '124d6757-9c92-4e79-9b3e-60215e2c7873_91_frontal.jpg', '123e4567-e89b-12d3-a456-426614174123'),
                                                                ('8d57fcc0-2a5e-434b-88a0-38a6f64757f8', '2024-05-18 15:43:04.996726', '02018708-8902-42a8-b570-ec1cc41dc682_65_bathroom.jpg', '123e4567-e89b-12d3-a456-426614174123'),
                                                                ('3a43c342-bc05-40eb-a806-dcac5ddc0b9b', '2024-05-18 15:43:08.990717', 'd70693e7-615d-4efe-a833-79a615d3de9e_491_bedroom.jpg', '123e4567-e89b-12d3-a456-426614174124'),
                                                                ('2ca11786-c076-42b0-bcbd-9d221fa8c2bd', '2024-05-18 15:43:08.991928', '52c66756-70ae-4baa-b712-b5d2b929fb21_518_kitchen.jpg', '123e4567-e89b-12d3-a456-426614174124'),
                                                                ('496ba4a8-bebd-45bf-84b8-95443286ab1d', '2024-05-18 15:43:08.993152', '4e2a2638-4166-417d-8553-b4a2e9961d17_96_frontal.jpg', '123e4567-e89b-12d3-a456-426614174124'),
                                                                ('0f074b0f-aa6b-449c-9a12-d6a601e0d469', '2024-05-18 15:43:08.994537', '07cdcbe4-b6ad-4c1b-b147-ceeea1ed6ffb_91_frontal.jpg', '123e4567-e89b-12d3-a456-426614174124'),
                                                                ('150a972d-106b-41dd-a9e5-41624c72146d', '2024-05-18 15:43:08.995282', 'e0b4a03c-2487-4b39-a01f-53f8b17dc1f1_65_bathroom.jpg', '123e4567-e89b-12d3-a456-426614174124'),
                                                                ('72b28860-a16b-4573-8d85-7a4a9433e4f6', '2024-05-18 15:43:12.595867', '96d077ed-910f-4fd3-aaf0-061be61d4304_491_bedroom.jpg', '123e4567-e89b-12d3-a456-426614174125'),
                                                                ('c88dc045-7961-4b91-bde4-b80117defd32', '2024-05-18 15:43:12.597340', 'd20df8cf-f47d-4234-b59f-2ab605087b35_518_kitchen.jpg', '123e4567-e89b-12d3-a456-426614174125'),
                                                                ('e4b2002a-b02c-47db-9426-00dd8cafdb87', '2024-05-18 15:43:12.598641', '6c98974a-0397-49a9-a594-f0cf2c05ec61_96_frontal.jpg', '123e4567-e89b-12d3-a456-426614174125'),
                                                                ('c36b6497-52c6-48f7-92ba-22b063b00b8a', '2024-05-18 15:43:12.600280', '8a6c6c25-93c7-438f-a097-47b783b81a32_91_frontal.jpg', '123e4567-e89b-12d3-a456-426614174125'),
                                                                ('234df597-959f-498f-a3be-9c5d34738305', '2024-05-18 15:43:12.601266', '262c2774-b135-4631-a8b1-57dc2a8b5385_65_bathroom.jpg', '123e4567-e89b-12d3-a456-426614174125'),
                                                                ('988e37bc-2f8f-4b2b-985f-924497ece4bf', '2024-05-18 15:43:14.669725', 'cfe8bc99-d7aa-4ad5-a9e0-b9ae90b31e69_491_bedroom.jpg', '123e4567-e89b-12d3-a456-426614174126'),
                                                                ('b0a83b9b-de18-4ac5-9dd7-9facb346d02e', '2024-05-18 15:43:14.671702', '8ef2d341-88ac-46f6-be58-9e526b63924d_518_kitchen.jpg', '123e4567-e89b-12d3-a456-426614174126'),
                                                                ('78066b08-4ba0-4e4b-bac3-b57b6e074e46', '2024-05-18 15:43:14.673219', '4a77fa0e-07f9-40fa-94f2-946bb77f99d4_96_frontal.jpg', '123e4567-e89b-12d3-a456-426614174126'),
                                                                ('c195f0dc-f2b6-4bd5-883a-82bdc1b04fa3', '2024-05-18 15:43:14.674742', '7a6ae4db-56f0-4703-a9a3-ea494471ea17_91_frontal.jpg', '123e4567-e89b-12d3-a456-426614174126'),
                                                                ('23f499a4-df29-4b44-9445-19322e389a68', '2024-05-18 15:43:14.675638', 'dcd5843a-2462-4c19-b03a-b72631fbac50_65_bathroom.jpg', '123e4567-e89b-12d3-a456-426614174126'),
                                                                ('b6d938e4-e478-4805-bd19-dfdf2c320c2c', '2024-05-18 15:43:16.826178', '3aed129f-fc60-4ba0-a183-c4faf309dbbe_491_bedroom.jpg', '123e4567-e89b-12d3-a456-426614174127'),
                                                                ('c0868dbc-5759-4212-8703-13523b9ddadb', '2024-05-18 15:43:16.827643', 'ff21329e-2baa-42ab-9ae0-ba84a6704781_518_kitchen.jpg', '123e4567-e89b-12d3-a456-426614174127'),
                                                                ('e0ac6db9-3713-4b06-9802-de78b81976f4', '2024-05-18 15:43:16.828744', '442cf164-7eb2-4e35-83fd-5a449b4e9713_96_frontal.jpg', '123e4567-e89b-12d3-a456-426614174127'),
                                                                ('4466c7b0-2228-4fb9-ae67-2ca6dd9339f7', '2024-05-18 15:43:16.830093', '5ca67dbc-2d5a-4483-b3e7-0dde84dfbdd4_91_frontal.jpg', '123e4567-e89b-12d3-a456-426614174127'),
                                                                ('c6465b8f-4a35-49fb-9943-6e7562f978d0', '2024-05-18 15:43:16.831224', 'd0de8d44-5db1-43f3-99ce-9f239739ac6a_65_bathroom.jpg', '123e4567-e89b-12d3-a456-426614174127'),
                                                                ('75312ee2-555a-4587-866f-5a0cef4e97e0', '2024-05-18 15:43:20.676160', 'e8c162a5-2db5-49c4-befa-218921e0175f_491_bedroom.jpg', '123e4567-e89b-12d3-a456-426614174128'),
                                                                ('e416442e-a2b6-4120-aee8-a4c1d72044bc', '2024-05-18 15:43:20.677907', '93dd876e-d577-40c6-ba52-e4c9ae87924a_518_kitchen.jpg', '123e4567-e89b-12d3-a456-426614174128'),
                                                                ('5e69bd6b-78cd-4763-97e3-9a88a37cd410', '2024-05-18 15:43:20.679341', '42f4d887-fe62-4ed5-9a55-6c2284d58d19_96_frontal.jpg', '123e4567-e89b-12d3-a456-426614174128'),
                                                                ('9825d400-f5d0-44d6-861f-64f1a18455d5', '2024-05-18 15:43:20.680776', '93789b83-2a5f-4558-a640-b0405a326c0f_91_frontal.jpg', '123e4567-e89b-12d3-a456-426614174128'),
                                                                ('b7bea3a4-8c7c-4a9c-b443-605baf61e8ef', '2024-05-18 15:43:20.681650', 'ef3a7405-29ff-4b53-aa76-36b1e005f365_65_bathroom.jpg', '123e4567-e89b-12d3-a456-426614174128'),
                                                                ('38069d1a-7a79-44ca-befa-94eea1cbd550', '2024-05-18 15:43:22.661264', '52a591aa-19d9-4833-ad91-bbd3a13d85af_491_bedroom.jpg', '123e4567-e89b-12d3-a456-426614174129'),
                                                                ('9d39f05b-98fb-412a-ab67-ef666d59f7b4', '2024-05-18 15:43:22.663031', '3215f043-ef15-4f99-8d83-1d6fb3fab415_518_kitchen.jpg', '123e4567-e89b-12d3-a456-426614174129'),
                                                                ('b06de9c6-ab83-42c9-a76a-516749322b83', '2024-05-18 15:43:22.664044', '3e557603-ede7-4b21-bc86-1bc19859f69d_96_frontal.jpg', '123e4567-e89b-12d3-a456-426614174129'),
                                                                ('00507808-fde6-42d4-a5e8-d1488e1d0e81', '2024-05-18 15:43:22.665463', 'c231ae6c-7abc-4686-b0ec-fe75dd2468e4_91_frontal.jpg', '123e4567-e89b-12d3-a456-426614174129'),
                                                                ('d56b6fb6-4366-46a5-8bb7-1fe2af313a86', '2024-05-18 15:43:22.666441', '5366b014-24ed-4e48-8c90-f97a25c5d95e_65_bathroom.jpg', '123e4567-e89b-12d3-a456-426614174129'),
                                                                ('b6109bb6-33ef-4a8a-8916-6950facdafff', '2024-05-18 15:43:26.634943', '7cc2eda2-f58f-43f8-bbe3-85a905bd1ebc_491_bedroom.jpg', '123e4567-e89b-12d3-a456-426614174130'),
                                                                ('f48c4d6e-0faa-4524-9f6f-e8f59b29c20c', '2024-05-18 15:43:26.636227', '6254b2f4-b71c-4193-ac68-0e50a34026c0_518_kitchen.jpg', '123e4567-e89b-12d3-a456-426614174130'),
                                                                ('9fad8fb0-c48c-4bdc-9a67-b8b905d405f9', '2024-05-18 15:43:28.399012', 'adb03be9-4d09-46b1-80df-3008be431dd6_491_bedroom.jpg', '123e4567-e89b-12d3-a456-426614174131'),
                                                                ('1d1a0cf0-a494-4c38-83fc-9107bfb511b5', '2024-05-18 15:43:28.401086', '8b3254e7-ad1b-4640-9c2b-4ff1b2a0dec5_518_kitchen.jpg', '123e4567-e89b-12d3-a456-426614174131'),
                                                                ('b733eec4-2b9f-4d93-97d1-4563a70d957f', '2024-05-18 15:43:30.129983', '187b999f-7e8c-4c06-9757-be62dcaf5f00_491_bedroom.jpg', '123e4567-e89b-12d3-a456-426614174132'),
                                                                ('8cd1534e-c000-48d8-ba43-7bc3f221e77b', '2024-05-18 15:43:30.131125', '3bf0aa25-37b6-4f3b-b18e-21ccc054dbc7_518_kitchen.jpg', '123e4567-e89b-12d3-a456-426614174132'),
                                                                ('7b0ec93d-8070-4a23-b8f1-65568aef2dba', '2024-05-18 15:43:32.296367', '0412a3d5-4041-4e65-a5e3-7d2ee48bb9db_491_bedroom.jpg', '123e4567-e89b-12d3-a456-426614174133'),
                                                                ('75a9f9dc-2dd2-4b49-a7d0-982b41ac4864', '2024-05-18 15:43:32.297907', '659242d2-5b62-486b-9085-c763e706f0c5_518_kitchen.jpg', '123e4567-e89b-12d3-a456-426614174133'),
                                                                ('0b0a92d9-8b74-4b86-bd1c-1fa788ab9386', '2024-05-18 15:43:34.587872', '33e5bca5-bf28-4a38-9b7c-f4be762a52ad_491_bedroom.jpg', '123e4567-e89b-12d3-a456-426614174134'),
                                                                ('ee04c5fe-57d5-4b39-bc43-2bc09e6283a0', '2024-05-18 15:43:34.589278', 'cd26480b-49f7-45da-aad5-82f326f0e134_518_kitchen.jpg', '123e4567-e89b-12d3-a456-426614174134'),
                                                                ('97db9c1c-5e2f-412e-b3a6-3d98062223e7', '2024-05-18 15:43:36.480726', '0bdb216d-5221-426b-a78e-8b89a43e8a8a_491_bedroom.jpg', '123e4567-e89b-12d3-a456-426614174135'),
                                                                ('1f46fa01-e1d9-422e-8a1d-31c2d2cf989c', '2024-05-18 15:43:36.482042', '935c1eac-6f23-4a12-8b08-db76c0548bd0_518_kitchen.jpg', '123e4567-e89b-12d3-a456-426614174135'),
                                                                ('0a98066b-df2a-42b4-9881-91259247459c', '2024-05-18 15:43:38.962719', '88dc13f6-588a-47f4-aa48-20fae17157d1_491_bedroom.jpg', '123e4567-e89b-12d3-a456-426614174136'),
                                                                ('fdf9e787-ccc1-49f2-81b8-a486937eb959', '2024-05-18 15:43:38.964496', 'c2aa8b52-e6d7-4428-ae19-dcfaf7675996_518_kitchen.jpg', '123e4567-e89b-12d3-a456-426614174136'),
                                                                ('49bf92dd-e8c9-41c2-a40a-b3374aabb18d', '2024-05-18 15:43:40.906940', '8eb5e5a3-8036-47db-b0a3-e03c42f48066_491_bedroom.jpg', '123e4567-e89b-12d3-a456-426614174137'),
                                                                ('ce059031-5113-4bec-b509-a5724fe9688b', '2024-05-18 15:43:40.908443', 'b1590ea7-58ae-4ca7-9637-a1a805852504_518_kitchen.jpg', '123e4567-e89b-12d3-a456-426614174137'),
                                                                ('af170b5d-f610-4af6-a3fd-20f1700e7d4c', '2024-05-18 15:43:43.626166', 'fe463c97-aece-4b93-95a9-88f218987ef2_491_bedroom.jpg', '123e4567-e89b-12d3-a456-426614174138'),
                                                                ('daa722d7-7c34-4d27-9887-eab18b2681d8', '2024-05-18 15:43:43.627233', '855ef787-eea5-413e-add2-b23264960683_518_kitchen.jpg', '123e4567-e89b-12d3-a456-426614174138'),
                                                                ('6d310add-a1c4-4082-96df-64fbdfb737fa', '2024-05-18 15:43:45.545834', '3cecd29a-b2c3-42cd-8b6f-f3d1d224e8f2_491_bedroom.jpg', '123e4567-e89b-12d3-a456-426614174139'),
                                                                ('c0b57704-cba9-4c05-a2a3-dfc431882b2e', '2024-05-18 15:43:45.547190', '28704197-614b-4499-a03f-4b0a03508183_518_kitchen.jpg', '123e4567-e89b-12d3-a456-426614174139'),
                                                                ('047b12df-8830-4623-a394-5e19699addb9', '2024-05-18 15:43:47.531803', 'f43d872c-cee4-49d4-9a30-d1deaef4a4c8_491_bedroom.jpg', '123e4567-e89b-12d3-a456-426614174140'),
                                                                ('4da50a64-a654-4da4-a5e5-e8dbb9fb039a', '2024-05-18 15:43:47.533577', '76e100ba-9f5a-464e-9b0d-0983ad16081d_518_kitchen.jpg', '123e4567-e89b-12d3-a456-426614174140'),
                                                                ('23522097-f859-47f2-9c76-3be0fe3e4d90', '2024-05-18 15:43:55.050311', '8368267e-b507-45c5-9242-cb94a2af975e_491_bedroom.jpg', '123e4567-e89b-12d3-a456-426614174141'),
                                                                ('301f267e-217c-4b52-9cfc-fb03f88d2af8', '2024-05-18 15:43:55.052116', 'c0d92985-f232-4f00-8c5f-3eeec2cbd143_518_kitchen.jpg', '123e4567-e89b-12d3-a456-426614174141'),
                                                                ('d92f8c4b-ff90-4884-802e-d2636f9b73ac', '2024-05-18 15:43:59.256840', '396bf918-b28c-4e34-a277-c065a1f8bdd6_491_bedroom.jpg', '123e4567-e89b-12d3-a456-426614174142'),
                                                                ('ebb3192c-73c7-4f0e-a3ee-47e4126a2fbf', '2024-05-18 15:43:59.258612', '5cdc1d0e-0b5a-4636-9dfc-90713fd26175_518_kitchen.jpg', '123e4567-e89b-12d3-a456-426614174142'),
                                                                ('4cb01173-6855-4696-9ad6-c4ea694dd1b9', '2024-05-18 15:44:00.747759', '17091a66-ae3c-4a27-b4bb-7d222e228b27_491_bedroom.jpg', '123e4567-e89b-12d3-a456-426614174143'),
                                                                ('7c9b4f5f-5a41-46a7-8e45-d6888ea37a8e', '2024-05-18 15:44:00.749095', '910a0004-bb49-44f5-842f-0ef097686721_518_kitchen.jpg', '123e4567-e89b-12d3-a456-426614174143'),
                                                                ('7fbb9441-ff35-4839-9020-253d600a8ab2', '2024-05-18 15:44:02.787615', 'e7518260-aa7b-4e55-9f6b-d41b64ff5a1f_491_bedroom.jpg', '123e4567-e89b-12d3-a456-426614174144'),
                                                                ('9f78cb3b-8444-4c2a-aa50-599b574d0d44', '2024-05-18 15:44:02.788994', 'e2f1c0ad-91b7-4a6f-97df-e57ac433db0a_518_kitchen.jpg', '123e4567-e89b-12d3-a456-426614174144'),
                                                                ('420aa3c9-d9ca-43cd-8878-05d886a195ca', '2024-05-18 15:44:04.507137', '0f908a42-9a79-45e5-8c7e-d22156d56540_491_bedroom.jpg', '123e4567-e89b-12d3-a456-426614174145'),
                                                                ('177990ba-b9b6-49ba-8816-47737cf47835', '2024-05-18 15:44:04.508515', '02441fd3-fa23-4655-84ce-89e5dcfe9139_518_kitchen.jpg', '123e4567-e89b-12d3-a456-426614174145'),
                                                                ('5af39be3-4fdf-41b5-83a8-f5494b6d62d8', '2024-05-18 15:44:06.929464', 'bd1ca4d2-dcb7-481b-978b-4aae5fce666f_491_bedroom.jpg', '123e4567-e89b-12d3-a456-426614174150'),
                                                                ('1caa7e15-9d47-4c20-937a-612a46eb2d25', '2024-05-18 15:44:06.930616', '2d99ca84-851f-421d-8c80-dbecc57d031d_518_kitchen.jpg', '123e4567-e89b-12d3-a456-426614174150'),
                                                                ('90b32224-8d5a-4022-866c-c26e22c5fd87', '2024-05-18 15:44:09.363439', 'a2a915a8-8f07-4734-82d6-20f939e41242_491_bedroom.jpg', '123e4567-e89b-12d3-a456-426614174151'),
                                                                ('90662d73-f383-44ef-9f57-e23b51241eb7', '2024-05-18 15:44:09.364715', '25922275-6329-4fa0-ab96-3430ffce39ab_518_kitchen.jpg', '123e4567-e89b-12d3-a456-426614174151'),
                                                                ('78fc3fdb-1697-4410-b167-36f73abb1b5b', '2024-05-18 15:44:11.627370', '7a9d32dc-f959-4211-a3d1-aa235efc52cc_491_bedroom.jpg', '123e4567-e89b-12d3-a456-426614174152'),
                                                                ('3d54c869-4ed6-4a7a-8656-0aabe5e30ee1', '2024-05-18 15:44:11.628511', '8bbb3abb-528e-4d37-8f8b-e375422424cd_518_kitchen.jpg', '123e4567-e89b-12d3-a456-426614174152'),
                                                                ('f7645b31-d27d-4393-a970-65af2bea21fe', '2024-05-18 15:44:13.503303', 'f9c4f55b-12a2-4a3e-b7e2-ad23f8947572_491_bedroom.jpg', '123e4567-e89b-12d3-a456-426614174153'),
                                                                ('89b6a700-16ca-4f62-b089-66c8f117e19c', '2024-05-18 15:44:13.504607', 'a461e640-9041-4e8c-ac83-eee248e62ef2_518_kitchen.jpg', '123e4567-e89b-12d3-a456-426614174153'),
                                                                ('b4b41d0f-6a76-47e7-883e-afc675ce4b6b', '2024-05-18 15:44:16.582160', '59e40ff8-536b-4970-9f32-d42f672e0a38_491_bedroom.jpg', '123e4567-e89b-12d3-a456-426614174154'),
                                                                ('6399c175-6d0b-40a5-afc1-623e5fbcac72', '2024-05-18 15:44:16.583476', 'a032dc69-ca9f-42c2-80e9-68b981b87e76_518_kitchen.jpg', '123e4567-e89b-12d3-a456-426614174154'),
                                                                ('ad951460-5777-45f7-af08-c83da1a0748f', '2024-05-18 15:44:18.382948', '7032d7af-155c-43e8-94cf-a42553d73035_491_bedroom.jpg', '123e4567-e89b-12d3-a456-426614174155'),
                                                                ('28175a45-d7f9-4f69-a2ac-a24252f9591c', '2024-05-18 15:44:18.384170', '6b3639cd-7031-469b-9428-25b8c5dd09df_518_kitchen.jpg', '123e4567-e89b-12d3-a456-426614174155'),
                                                                ('d3d8294a-441f-4a86-8282-36861c7300bb', '2024-05-18 15:44:24.878433', '88285d7d-470a-4052-827f-b16899b0d884_491_bedroom.jpg', '123e4567-e89b-12d3-a456-426614174156'),
                                                                ('7ede0b71-3ba8-4a5b-91ee-23c94c9e0647', '2024-05-18 15:44:24.879436', '84cd0996-d66c-4b16-b52a-38a178d4c9e6_518_kitchen.jpg', '123e4567-e89b-12d3-a456-426614174156'),
                                                                ('114c4e32-b4e3-4e5f-8080-aca9da393d85', '2024-05-18 15:44:28.611371', 'a3b811fe-d884-4513-bea5-f5bf0b84a4e9_491_bedroom.jpg', '123e4567-e89b-12d3-a456-426614174158'),
                                                                ('012cfe43-04c4-497f-83d7-7b36b78a7ed0', '2024-05-18 15:44:28.612632', 'bf8ae8d0-f1cf-4572-8831-99487993bd1a_518_kitchen.jpg', '123e4567-e89b-12d3-a456-426614174158'),
                                                                ('4d5432fe-507b-442a-a18d-81f62601eac5', '2024-05-18 15:44:30.488763', '0f980956-1d59-44f9-9be9-c8418f163322_491_bedroom.jpg', '123e4567-e89b-12d3-a456-426614174159'),
                                                                ('637856e2-dad6-438c-9a2e-3f6da31cb3e2', '2024-05-18 15:44:30.489745', 'c87d5cac-3e11-4119-8901-56f0fccb9bc7_518_kitchen.jpg', '123e4567-e89b-12d3-a456-426614174159');

-- Insert images
INSERT INTO images (id, property_id, file_name)
VALUES
    ('d1262906-b628-4639-b965-c1d8524079e2', '123e4567-e89b-12d3-a456-426614174100', '383f5705-7fe9-4c60-8033-64ca5aacbbe1_houses_and_land-5bfc3326c9e77c0051812eb3.jpg'),
    ('f3b32b44-8ea6-4b45-be61-747e8bc321db', '123e4567-e89b-12d3-a456-426614174100', '5566a85b-4fae-4e3c-bf4d-9099bedb4b96_images.jpeg'),
    ('42dee11c-83d5-4d98-a932-9aaa05c1a9d0', '123e4567-e89b-12d3-a456-426614174100', '03b6657e-64fc-4489-b4ed-0cd8f8102009_pexels-binyaminmellish-186077.jpg');

-- Insert document
INSERT INTO document (id, user_id, document_type, file_name)
VALUES ('1f1ce31c-83ab-463b-80c9-125509b95028', '123e4567-e89b-12d3-a456-426614174002', 'ID_CARD', '0802cbdb-a437-4c81-a950-1cc4e6f07a3f_password.pdf');

